level,hash,n_versions,n_histories,n_repos,n_owners,filenames,owners
body,a5156e85d1faf6c94de05fe4e53b8f9d3217739d,53,51,51,1,gh-aw-pr-review.md; kubernetes-operator-pr-review.md; terraform-bridge-pr-review.md,pulumi
body,b04431377f98c404c5a5cace2f8a937332fc3cc5,53,51,51,1,gh-aw-pr-rereview.md; kubernetes-operator-pr-rereview.md; terraform-bridge-pr-rereview.md,pulumi
body,2cb00e214011a0d0385a2ed8a73e2996131f39fa,131,17,17,7,repo-assist.md,fsprojects; ionide; fslaborg
body,0806d513926e59e9b51b5b52f1730edd2b4e6055,22,15,15,13,daily-repo-status.md,dotnet; Azure; fideus-labs
body,7036f451c24aea60bfd7f8648dfe1bd63de8213e,52,15,15,5,repo-assist.md,fsprojects; popey; fslaborg
body,8e32ff078578ff25668a63f06f124e29d84aeb3e,12,11,11,3,repo-assist.md,fsprojects; fslaborg; ionide
body,95a5dcbb96eef1077f1a658eed98d0bdb2bde16f,18,7,7,2,repo-assist.md,fsprojects; ionide
body,3a928fb59ff4604caf35ac07ccaa4acbc0b6cf87,17,6,6,3,repo-assist.md,fsprojects; ionide; licensee
body,4d09ca0e522709bfde7b11324f449c08cd7bfa02,7,6,6,3,repo-assist.md,fsprojects; ionide; informedica
body,826a590e52922c13e8ec175439db47e90cb0d65d,5,5,5,2,repo-assist.md,fsprojects; ionide
body,c1486f38c8cd274b565cda441ae7f9b46a0018eb,6,5,5,2,repo-assist.md,ionide; fsprojects
body,f4ac0382d75e59a9f666eea76e78abafba993ba9,9,5,5,2,repo-assist.md,fsprojects; ionide
body,3a94e5785779fd3fad423dac64f24d092c65f8a1,5,4,4,2,repo-assist.md,ionide; fsprojects
body,510ff9fa393ad5f85488f27c9915d8c9f4f042a6,4,4,4,2,repo-assist.md,ionide; fsprojects
body,9ed3b104f4b1fd986930d56e7070082af8356f4f,4,4,4,2,repo-assist.md,ionide; fsprojects
body,c18d5536ae11d568811f40df1fc46f9d2ed54725,5,4,4,4,code-simplifier.md,MiguelElGallo; storybookjs; sytone
body,0df251fc9c13aa0adc6941b629f7bfda8ac5ad29,3,3,3,1,check-python-versions.md,microsoft
body,1237f641f7782c64c066a39a78e4f5231a371fe2,3,3,3,2,supply-chain-review.md,Alfresco; Activiti
body,38004e3f933eaf295ef155c24c282106d5a3dd8f,4,3,3,3,duplicate-code-detector.md,chimon2000; storybookjs; ptarmiganlabs
body,629c00784cb66d37e79852297de6f1c577ce8a93,5,3,3,3,daily-repo-status.md,apache; fideus-labs; timrogers
body,959f1354406c4a6fabf7319517266b477663eb07,3,3,3,2,supply-chain-review.md,Alfresco; Activiti
body,a6ef1b9b7ae3a64708815e932a1955cc5283489c,4,3,3,3,issue-triage.md,taosdata; PowerShell; zircote
body,bf5baff6e9e357cbee2acf593d8333c6b732fa84,9,3,3,1,check-python-versions.md,microsoft
body,d95b4b4c91882a2d48101b0dbaf219599ff9a509,3,3,3,3,weekly-repo-status.md; daily-repo-status.md,lrascao; microsoft; influxdata
body,e3d09eabe24d86c7eda269ad9e5bc94595ca58ff,3,3,3,2,repo-assist.md,fsprojects; ionide
body,e73194058065f583b91594cad5bd7cc3670ad98a,3,3,3,3,issue-triage.md,appwrite; kaito-project; chrisreddington
body,e80ac986c185ed3fe5ae7e27800d46b67cfe9cf8,3,3,3,2,supply-chain-review.md,Alfresco; Activiti
body,1ba5ac1af8b5ccfdd2dc0452aeda518e70bb8069,2,2,2,1,repo-assist.md,fsprojects
body,1cf1dce4d83810041515f9a904a0c4ed6777079d,2,2,2,2,update-docs.md,pikax; AndreaGriffiths11
body,236270ce391a2df86fb5fe490d838077fbf2b1d6,10,4,2,2,review-on-open.agent.md; review.agent.md; expert-review.md,PureWeen; dotnet
body,35f6445974bf3b1feb03de75bb16a7c24275ea62,4,2,2,2,pr-ai-slop-review.md,clash-verge-rev; fqfqgo
body,37414b93a350eb959426145a240540de52d40bbb,2,2,2,1,terraform-bridge-pr-review.md; cdk-pr-review.md,pulumi
body,3d8bddc0d17b3c294df3e202d2de0f38ddce646d,2,2,2,2,validate-pr.md,royshil; kaito-tokyo
body,40522a4af2abb14ddf36323343240a82222d1d50,2,2,2,1,terraform-bridge-pr-rereview.md; cdk-pr-rereview.md,pulumi
body,46e4b3b13d938db91a01bae7ef68aa04e2a2579b,6,2,2,2,daily-test-improver.md,talk2MeGooseman; lablup
body,627aaf878aa41ffac27534ea4ca9a34f806c24be,4,2,2,2,efficiency-improver.md,Shazwazza; baizhiheizi
body,63b156c85d87ea92ff76c6936bbb01b65d1e4edc,4,2,2,2,pr-ai-slop-review.md,clash-verge-rev; fqfqgo
body,663168bd443782afd3e7996617d403d836b91e70,5,2,2,2,issue-triage-agent.md,Azure; natnew
body,6e30e15b0aebe3ea77f398e8715dc862256883dc,2,2,2,2,ci-failure-fix.md,vbuch; oboapp
body,6f7a8da28555934ff2d8d88730b596cac7b31fc6,3,2,2,1,repo-assist.md,fsprojects
body,8c5e7f5a4f10423004bee7881edbf0aabae4ccb8,2,2,2,2,pr-ai-slop-review.md,clash-verge-rev; fqfqgo
body,9def2bec85b03be35f73e655910f3a7a7b88431e,3,2,2,2,repository-quality-improver.md,baizhiheizi; talk2MeGooseman
body,b8a63b74eebb1c2e7f7b157a13a47b859fe68a65,4,2,2,2,pr-ai-slop-review.md,clash-verge-rev; fqfqgo
body,c1da872635572744d3933f1bba109663b49e7951,2,2,2,1,kubernetes-operator-pr-rereview.md; terraform-bridge-pr-rereview.md,pulumi
body,c9a8e113fc45ad5de817cdff6002742a0b070064,2,2,2,1,repo-assist.md,fsprojects
body,cc43951ee7f4264f4ea559194d484b302169555b,2,2,2,1,repo-assist.md,fsprojects
body,f89088bd539e1c53dabcd5d0c3fce63c18e65efb,7,2,2,2,duplicate-code-detector.md,rancher; ptarmiganlabs
body,f8c1357d6210c884ff4aeecd279411e7c2008f44,2,2,2,1,kubernetes-operator-pr-review.md; terraform-bridge-pr-review.md,pulumi
body,0a45df98f8b90ce367d1d321d2412cd21f74abdb,8,2,1,1,daily-team-status.md; devstats.md,kubestellar
body,2b156a08fd5f10ce776d110e2015487e9c2562ae,33,10,1,1,pydantic-ai-ui-security-review.md; pydantic-ai-bug-hunter.md; pydantic-ai-docs-drift.md,pydantic
body,41687e0a7b46475466712c0a798f3ba8ade54821,2,2,1,1,opened-issue-triage.md; slash-cmd-issue-triage.md,Kong
body,7ab9e83343685150688a6b79a74d5e6788ea5d72,2,2,1,1,opened-issue-triage.md; slash-cmd-issue-triage.md,Kong
body,e1d1d935b6e402f608da211dec0873e1c57e8db2,18,2,1,1,review-on-open.agent.md; review.agent.md,dotnet
body_nonstub,2cb00e214011a0d0385a2ed8a73e2996131f39fa,131,17,17,7,repo-assist.md,fsprojects; ionide; fslaborg
body_nonstub,0806d513926e59e9b51b5b52f1730edd2b4e6055,22,15,15,13,daily-repo-status.md,dotnet; Azure; fideus-labs
body_nonstub,7036f451c24aea60bfd7f8648dfe1bd63de8213e,52,15,15,5,repo-assist.md,fsprojects; popey; fslaborg
body_nonstub,8e32ff078578ff25668a63f06f124e29d84aeb3e,12,11,11,3,repo-assist.md,fsprojects; fslaborg; ionide
body_nonstub,95a5dcbb96eef1077f1a658eed98d0bdb2bde16f,18,7,7,2,repo-assist.md,fsprojects; ionide
body_nonstub,3a928fb59ff4604caf35ac07ccaa4acbc0b6cf87,17,6,6,3,repo-assist.md,fsprojects; ionide; licensee
body_nonstub,4d09ca0e522709bfde7b11324f449c08cd7bfa02,7,6,6,3,repo-assist.md,fsprojects; ionide; informedica
body_nonstub,826a590e52922c13e8ec175439db47e90cb0d65d,5,5,5,2,repo-assist.md,fsprojects; ionide
body_nonstub,c1486f38c8cd274b565cda441ae7f9b46a0018eb,6,5,5,2,repo-assist.md,ionide; fsprojects
body_nonstub,f4ac0382d75e59a9f666eea76e78abafba993ba9,9,5,5,2,repo-assist.md,fsprojects; ionide
body_nonstub,3a94e5785779fd3fad423dac64f24d092c65f8a1,5,4,4,2,repo-assist.md,ionide; fsprojects
body_nonstub,510ff9fa393ad5f85488f27c9915d8c9f4f042a6,4,4,4,2,repo-assist.md,ionide; fsprojects
body_nonstub,9ed3b104f4b1fd986930d56e7070082af8356f4f,4,4,4,2,repo-assist.md,ionide; fsprojects
body_nonstub,c18d5536ae11d568811f40df1fc46f9d2ed54725,5,4,4,4,code-simplifier.md,MiguelElGallo; storybookjs; sytone
body_nonstub,0df251fc9c13aa0adc6941b629f7bfda8ac5ad29,3,3,3,1,check-python-versions.md,microsoft
body_nonstub,1237f641f7782c64c066a39a78e4f5231a371fe2,3,3,3,2,supply-chain-review.md,Alfresco; Activiti
body_nonstub,38004e3f933eaf295ef155c24c282106d5a3dd8f,4,3,3,3,duplicate-code-detector.md,chimon2000; storybookjs; ptarmiganlabs
body_nonstub,629c00784cb66d37e79852297de6f1c577ce8a93,5,3,3,3,daily-repo-status.md,apache; fideus-labs; timrogers
body_nonstub,959f1354406c4a6fabf7319517266b477663eb07,3,3,3,2,supply-chain-review.md,Alfresco; Activiti
body_nonstub,a6ef1b9b7ae3a64708815e932a1955cc5283489c,4,3,3,3,issue-triage.md,taosdata; PowerShell; zircote
body_nonstub,bf5baff6e9e357cbee2acf593d8333c6b732fa84,9,3,3,1,check-python-versions.md,microsoft
body_nonstub,d95b4b4c91882a2d48101b0dbaf219599ff9a509,3,3,3,3,weekly-repo-status.md; daily-repo-status.md,lrascao; microsoft; influxdata
body_nonstub,e3d09eabe24d86c7eda269ad9e5bc94595ca58ff,3,3,3,2,repo-assist.md,fsprojects; ionide
body_nonstub,e73194058065f583b91594cad5bd7cc3670ad98a,3,3,3,3,issue-triage.md,appwrite; kaito-project; chrisreddington
body_nonstub,e80ac986c185ed3fe5ae7e27800d46b67cfe9cf8,3,3,3,2,supply-chain-review.md,Alfresco; Activiti
body_nonstub,1ba5ac1af8b5ccfdd2dc0452aeda518e70bb8069,2,2,2,1,repo-assist.md,fsprojects
body_nonstub,1cf1dce4d83810041515f9a904a0c4ed6777079d,2,2,2,2,update-docs.md,pikax; AndreaGriffiths11
body_nonstub,35f6445974bf3b1feb03de75bb16a7c24275ea62,4,2,2,2,pr-ai-slop-review.md,clash-verge-rev; fqfqgo
body_nonstub,37414b93a350eb959426145a240540de52d40bbb,2,2,2,1,terraform-bridge-pr-review.md; cdk-pr-review.md,pulumi
body_nonstub,3d8bddc0d17b3c294df3e202d2de0f38ddce646d,2,2,2,2,validate-pr.md,royshil; kaito-tokyo
body_nonstub,40522a4af2abb14ddf36323343240a82222d1d50,2,2,2,1,terraform-bridge-pr-rereview.md; cdk-pr-rereview.md,pulumi
body_nonstub,46e4b3b13d938db91a01bae7ef68aa04e2a2579b,6,2,2,2,daily-test-improver.md,talk2MeGooseman; lablup
body_nonstub,627aaf878aa41ffac27534ea4ca9a34f806c24be,4,2,2,2,efficiency-improver.md,Shazwazza; baizhiheizi
body_nonstub,63b156c85d87ea92ff76c6936bbb01b65d1e4edc,4,2,2,2,pr-ai-slop-review.md,clash-verge-rev; fqfqgo
body_nonstub,663168bd443782afd3e7996617d403d836b91e70,5,2,2,2,issue-triage-agent.md,Azure; natnew
body_nonstub,6e30e15b0aebe3ea77f398e8715dc862256883dc,2,2,2,2,ci-failure-fix.md,vbuch; oboapp
body_nonstub,6f7a8da28555934ff2d8d88730b596cac7b31fc6,3,2,2,1,repo-assist.md,fsprojects
body_nonstub,8c5e7f5a4f10423004bee7881edbf0aabae4ccb8,2,2,2,2,pr-ai-slop-review.md,clash-verge-rev; fqfqgo
body_nonstub,9def2bec85b03be35f73e655910f3a7a7b88431e,3,2,2,2,repository-quality-improver.md,baizhiheizi; talk2MeGooseman
body_nonstub,b8a63b74eebb1c2e7f7b157a13a47b859fe68a65,4,2,2,2,pr-ai-slop-review.md,clash-verge-rev; fqfqgo
body_nonstub,c1da872635572744d3933f1bba109663b49e7951,2,2,2,1,kubernetes-operator-pr-rereview.md; terraform-bridge-pr-rereview.md,pulumi
body_nonstub,c9a8e113fc45ad5de817cdff6002742a0b070064,2,2,2,1,repo-assist.md,fsprojects
body_nonstub,cc43951ee7f4264f4ea559194d484b302169555b,2,2,2,1,repo-assist.md,fsprojects
body_nonstub,f89088bd539e1c53dabcd5d0c3fce63c18e65efb,7,2,2,2,duplicate-code-detector.md,rancher; ptarmiganlabs
body_nonstub,f8c1357d6210c884ff4aeecd279411e7c2008f44,2,2,2,1,kubernetes-operator-pr-review.md; terraform-bridge-pr-review.md,pulumi
body_nonstub,0a45df98f8b90ce367d1d321d2412cd21f74abdb,8,2,1,1,daily-team-status.md; devstats.md,kubestellar
body_nonstub,7ab9e83343685150688a6b79a74d5e6788ea5d72,2,2,1,1,opened-issue-triage.md; slash-cmd-issue-triage.md,Kong
content,503b4cabf34706055f7ffa058e89f26c77a8d82d,49,49,49,1,gh-aw-pr-rereview.md; kubernetes-operator-pr-rereview.md,pulumi
content,c985e52d1c0c1891f648fabfd94cd6bf5c580ccf,49,49,49,1,gh-aw-pr-review.md; kubernetes-operator-pr-review.md,pulumi
content,9c95efa339613298b0f15dfbf31cc267ed112ab9,6,6,6,2,repo-assist.md,fsprojects; fslaborg
content,a089ea1e1e52bb76fea683b7a023989b5fe67480,6,6,6,2,repo-assist.md,fsprojects; fslaborg
content,a20a8c10014d3c6708311cdedf86927c922ef304,6,6,6,2,repo-assist.md,fsprojects; fslaborg
content,aeb05b2733490ba9b190eb9f6727f19de418f0d6,6,6,6,2,repo-assist.md,fsprojects; fslaborg
content,e9008ed6b46a04dd81181cdf7f74e05f492991d5,6,6,6,2,repo-assist.md,fsprojects; fslaborg
content,7db489260d3c796856307e40ec2c4cbf83301fa8,5,5,5,2,repo-assist.md,fsprojects; ionide
content,06da79ca9f765bd48bff68a5dac0ab1295fe74ce,4,4,4,3,repo-assist.md,fsprojects; ionide; fslaborg
content,21fdcbb70cfaad25014ed64026c4b9c5c115b74e,4,4,4,2,repo-assist.md,fsprojects; ionide
content,44268227d2d97e1e5451c8db45f705f029d15fa6,4,4,4,2,repo-assist.md,fsprojects; ionide
content,4a9b35dc3a446b50b1cabb4c98eb5e1012e61a99,4,4,4,2,repo-assist.md,ionide; fsprojects
content,5203a1dd42f7928ab337a73ca4e76444e54e39df,4,4,4,2,repo-assist.md,fsprojects; ionide
content,5724ae04dc52ed272b76c5d0f4a3011477dfc844,4,4,4,2,repo-assist.md,fsprojects; ionide
content,5f077a1f0ac33a2c548cbcc71b46031e7e11a0c1,4,4,4,2,repo-assist.md,ionide; fsprojects
content,6a866fc1945197ac73f6df4156d664a4f12c21a5,4,4,4,2,repo-assist.md,fsprojects; ionide
content,79dde792f264545c2582b73a969a92b41926bd44,4,4,4,2,repo-assist.md,ionide; fsprojects
content,8154cfab7029449a520a465131bc17d6ed67cb19,4,4,4,3,repo-assist.md,fsprojects; ionide; fslaborg
content,985b8236a2e7efd2d6db5225d4aa2fd39e7bcdbf,4,4,4,3,repo-assist.md,fsprojects; ionide; fslaborg
content,98eeebf8f6f7e15fd90bec2eb5d8468f28d1ea20,4,4,4,2,repo-assist.md,fsprojects; ionide
content,12061cd96846bc0263217d6e33693356dce08e0b,3,3,3,1,check-python-versions.md,microsoft
content,128601d959a9bc6851cf1e719c9601aadf980e9d,3,3,3,3,repo-assist.md,ionide; fsprojects; fslaborg
content,1d3f35e7d73ddd33b32599e0762a830261d32eaf,3,3,3,2,repo-assist.md,fsprojects; ionide
content,293baf5634e6664c182ba3104d106151c952e468,3,3,3,3,repo-assist.md,ionide; fsprojects; fslaborg
content,3a04596ffb115d954a2626e5aea9055db9dd7213,3,3,3,3,daily-repo-status.md,apache; lrascao; AndreaGriffiths11
content,3c76408e41e5395b684d3851f7a3172c2514a618,3,3,3,3,code-simplifier.md,storybookjs; sytone; MiguelElGallo
content,3f00bae8ee06a7079e474b719fa470ba0b20a6f4,3,3,3,1,repo-assist.md,popey
content,60ba6bf5e31e8bc694212bd989a22c13d74d0fef,3,3,3,2,repo-assist.md,fsprojects; ionide
content,a28cea873a8492d4cca41c93c46fe94abb6c5cf6,3,3,3,2,repo-assist.md,fsprojects; ionide
content,b1162eba3e033f98abae65dc78bb458720c360a5,3,3,3,3,repo-assist.md,ionide; fsprojects; fslaborg
content,db34cc2baaa2b629c9ea6204aea66c23511354ac,3,3,3,3,daily-repo-status.md,dotnet; microsoft; hemanth
content,e5ace09362b9abd4563a870285835eca83ff2e5a,3,3,3,2,repo-assist.md,fsprojects; ionide
content,e7f70235544c35f519f68045fc9e9f874ed43fec,3,3,3,1,repo-assist.md,fsprojects
content,e81651a458ad3e247b7ece87ed30c4f77e7e3f98,3,3,3,2,repo-assist.md,fsprojects; ionide
content,e859f15e8ee7bd04537cfb646f75f8adafab5c9b,3,3,3,1,check-python-versions.md,microsoft
content,f4251414d5d2cc1835a5a160a3446e8d25103fb4,3,3,3,1,check-python-versions.md,microsoft
content,fb7853ce5a970bcc95cb8139bc8fefbce3f0d376,3,3,3,1,check-python-versions.md,microsoft
content,068558b06bf9a30ada9618fe2b3f264bf2d15762,2,2,2,1,repo-assist.md,fsprojects
content,0e4a4789dfa6d7ba59bd5098c9ce07e958902df7,2,2,2,1,repo-assist.md,fsprojects
content,108e5be9fa8425462dc7c8e162f968d36cdfa323,2,2,2,1,terraform-bridge-pr-rereview.md; cdk-pr-rereview.md,pulumi
content,17fed7a9b56a8a15844e1227ae80bae14e0a732a,2,2,2,1,kubernetes-operator-pr-review.md; azure-native-pr-review.md,pulumi
content,1a8834de0c2ac46a60b1ac357ee34c79036f8de9,2,2,2,1,repo-assist.md,fsprojects
content,1d60a5148c386e31d533248bb750f4fd0026dc89,2,2,2,1,repo-assist.md,fsprojects
content,306c3ca1b0c09188e20a5a48427bde2b70d8b970,2,2,2,1,terraform-bridge-pr-review.md; cdk-pr-review.md,pulumi
content,32f6c76c7db373f2341e4fb6c3c3a7b2d2d688ed,2,2,2,2,repo-assist.md,fslaborg; fsprojects
content,3367f47e6b48665b7406fa9232c43aaa44a75106,2,2,2,2,repo-assist.md,ionide; fsprojects
content,3791337f4cc3de51d37276174034908f7dec8588,2,2,2,1,repo-assist.md,fsprojects
content,381c73382a4ff1fcc5196d2db3a6c3d62bd92da5,2,2,2,2,pr-ai-slop-review.md,clash-verge-rev; fqfqgo
content,4520244688c523cae3d19e2d07872c89c6c8d3e6,2,2,2,2,repo-assist.md,fslaborg; fsprojects
content,4d5c2af500fad799c934f2b0230d90c95df4da08,2,2,2,1,repo-assist.md,fsprojects
content,553ef78aa12a30b26382dd65086129c9654350b4,2,2,2,1,repo-assist.md,fsprojects
content,5702788ff0ec82f3fe7ddd4c844d2a33f55bad1a,2,2,2,2,pr-ai-slop-review.md,clash-verge-rev; fqfqgo
content,59b2d061ccbd72a82900e392b3b59b301009b9b5,2,2,2,2,supply-chain-review.md,Activiti; Alfresco
content,678a32bfbfdadc033598a3f84b9b1e50a33c3718,2,2,2,1,repo-assist.md,fsprojects
content,6c752fa348873d7f74a02f535fcb79fead28f3ab,2,2,2,2,pr-ai-slop-review.md,clash-verge-rev; fqfqgo
content,6ca3fa69b248990db0704110133c53a56c45fa79,2,2,2,2,repo-assist.md,fslaborg; fsprojects
content,6fec274775e8f19a1b63d6c45900d787311647fa,2,2,2,1,repo-assist.md,fsprojects
content,70134dfe4adc6bb73343853c93af12a6bf2b6656,2,2,2,2,repo-assist.md,fsprojects; fslaborg
content,714fbc1a4052f992322180bbd4c9e98b89400808,2,2,2,1,repo-assist.md,fsprojects
content,74d0db88a96d008ceee7efe8a99cfb5c4ea6c623,2,2,2,2,repo-assist.md,ionide; fsprojects
content,769fc0e13f8451d85d01ddabd640735f9727c706,2,2,2,1,repo-assist.md,fsprojects
content,7a2a63457d8eec808b11c5af070185896eb29e39,2,2,2,1,repo-assist.md,fsprojects
content,7c7d87ba86a24f2168af25995b30f6d9715776a7,2,2,2,1,repo-assist.md,popey
content,7f67634b79105e5f65bdd5901c3dec14325f4f15,2,2,2,2,supply-chain-review.md,Activiti; Alfresco
content,802d43369fab06b613ba33cbc3d7be73379bd629,2,2,2,2,ci-failure-fix.md,vbuch; oboapp
content,814f902754396dd65e446d10acaa6f87321fa6ad,2,2,2,1,repo-assist.md,fsprojects
content,8ad749c0b0b5c4d2b8f21698f77c7c51f3a60a59,2,2,2,1,repo-assist.md,fsprojects
content,907c9edf0d7967b62a1aa440af389a9137532de2,2,2,2,2,duplicate-code-detector.md,storybookjs; ptarmiganlabs
content,938a6cfd48e4b1289d53f59a0c0c53a0bd275300,2,2,2,2,repo-assist.md,fslaborg; fsprojects
content,93a1ef70782c486cf92facbfba7ce3c25d7897ed,2,2,2,2,pr-ai-slop-review.md,clash-verge-rev; fqfqgo
content,95608e18b6868ee919c485c05636ca215a387ad7,2,2,2,2,validate-pr.md,royshil; kaito-tokyo
content,9e4e9de4fa05e7b23ffbfcb43c17fbbe5e3e0fa6,2,2,2,1,kubernetes-operator-pr-rereview.md; azure-native-pr-rereview.md,pulumi
content,add80bfd13292763e0752f0bb1211a4b126eb4d3,2,2,2,2,repo-assist.md,fslaborg; fsprojects
content,bdf5dddd2085ac35f3318868cfe76c09f18176a5,2,2,2,2,pr-ai-slop-review.md,clash-verge-rev; fqfqgo
content,c23969dfaa84e92daf60406040017ec81dda2af1,2,2,2,2,repo-assist.md,ionide; fsprojects
content,c67dcf91ff14e78906fc794387119a1e75d71680,2,2,2,1,repo-assist.md,fsprojects
content,ca4d2a778f17d3d422b88fd5ebb6d6dae82b7736,2,2,2,2,repo-assist.md,ionide; fsprojects
content,da21b8f3ed6da255e43556bf08f87ef121f355cd,2,2,2,1,repo-assist.md,popey
content,da5cde7a87dfff6086adc5b6b99e488d85422d1b,2,2,2,2,pr-ai-slop-review.md,clash-verge-rev; fqfqgo
content,dc31630be9e03988fe96a2c46afee9609f24935c,2,2,2,1,repo-assist.md,shanselman
content,ed44fa2b49e8798279f1c5d4d8a431e168126ba1,2,2,2,1,repo-assist.md,fsprojects
content,f4b53f7cb4606c9bdde797a69b67f9a8cc13fa7e,2,2,2,2,update-docs.md,pikax; AndreaGriffiths11
content,fe8d4baf46d27ad259ea298c32978bc5bff3189c,2,2,2,2,supply-chain-review.md,Activiti; Alfresco
content,5698841581a08844916747e32c34b6894e2cb164,2,2,1,1,daily-team-status.md; devstats.md,kubestellar
content,6207601835e9da0c8cabc99a26e8b5a14ef0002e,3,2,1,1,daily-team-status.md; devstats.md,kubestellar
content,fe492623d915e01dad2798108aaf31ac9f41b9c0,2,2,1,1,daily-team-status.md; devstats.md,kubestellar
frontmatter,684fa81c7c00388208cb51b7b0b3636a17e9a3f9,49,49,49,1,gh-aw-pr-review.md; kubernetes-operator-pr-review.md,pulumi
frontmatter,78051ce58aa3e4925063ca81fd86f3694a74f286,49,49,49,1,gh-aw-pr-rereview.md; kubernetes-operator-pr-rereview.md,pulumi
frontmatter,58a7d59d2d6c4707502f348cf1ca731492980485,6,6,6,2,repo-assist.md,fsprojects; fslaborg
frontmatter,5ce264b9867aed8e6b2382f10ce91eaa67952c47,6,6,6,2,repo-assist.md,fsprojects; fslaborg
frontmatter,96f2897869b65d04db1d894659c2e4a433cb53bc,6,6,6,2,repo-assist.md,fsprojects; fslaborg
frontmatter,b34c67740a937df3916cad9f41b30f92a52e2b21,6,6,6,2,repo-assist.md,fsprojects; fslaborg
frontmatter,f458c819b2585033b5f85bf45c49bbb1807bb7ea,6,6,6,2,repo-assist.md,fsprojects; fslaborg
frontmatter,5bf0c03f5f5a118d7c90357af90b9aa2716e7afd,6,5,5,2,repo-assist.md,fsprojects; ionide
frontmatter,14afff3383e06c88fbdbbe895f46f11c74aea1fc,4,4,4,1,check-python-versions.md,microsoft
frontmatter,1961f0f4459d862b26da39a2b14751f1adeadde6,4,4,4,2,repo-assist.md,fsprojects; ionide
frontmatter,22328b2db93d770e0e82592330f36d69f9b78b62,4,4,4,2,repo-assist.md,fsprojects; ionide
frontmatter,2821860ff03471a7ba0a7015ea0637dab511e65e,12,4,4,1,extension-template-sync.md,microsoft
frontmatter,3782f5a4f0b7b9887b5eed3bde6f76cd9be50e0b,4,4,4,1,check-python-versions.md,microsoft
frontmatter,3ed6143c060bc9f91f5d68f1bb0c86101bc4bae9,4,4,4,2,repo-assist.md,fsprojects; ionide
frontmatter,42723bdb1c214a586a5714a9692476690db7c40a,4,4,4,3,repo-assist.md,fsprojects; ionide; fslaborg
frontmatter,57e8b3a98e1f76658d838522ec2f51c839cc619a,4,4,4,1,extension-template-sync.md,microsoft
frontmatter,6abaae02384b6d79d71b99ff54dbb844d4aa02b9,4,4,4,2,repo-assist.md,fsprojects; ionide
frontmatter,aac3942e91f55575def3759bdbaa22145831d470,4,4,4,3,repo-assist.md,fsprojects; ionide; fslaborg
frontmatter,b4d51b9d09233a7cd32fc1e2d27e8e82254729e2,8,4,4,1,extension-template-sync.md,microsoft
frontmatter,bb611f5065c123e5da457cf47014fc9323f4030f,4,4,4,2,repo-assist.md,fsprojects; ionide
frontmatter,c424868bde4dc4775c51f9ab8eb5407e68545b68,4,4,4,2,repo-assist.md,fsprojects; ionide
frontmatter,cd9a36b488169cb035a44260a97c259049761cd7,4,4,4,1,extension-template-sync.md,microsoft
frontmatter,d2b170d1a64e84bcacf08bd4c5bea7c1a1439025,4,4,4,1,check-python-versions.md,microsoft
frontmatter,d32c2611e7dddf7e356f5d40dad995b684c4077b,4,4,4,3,repo-assist.md,fsprojects; ionide; fslaborg
frontmatter,d58863470d3d215d8fc6bd917f1f029c736dac1b,4,4,4,2,repo-assist.md,ionide; fsprojects
frontmatter,dece0cf9d03cb905dc92e72d2ebc746f0d78883f,4,4,4,4,code-simplifier.md,storybookjs; sytone; MiguelElGallo
frontmatter,f42cbcddbee2beaf9a7f63d0a9c21b4d9bf99afe,4,4,4,2,repo-assist.md,ionide; fsprojects
frontmatter,f976848f298a404ae1f353a0a7e03c211e625992,4,4,4,2,repo-assist.md,ionide; fsprojects
frontmatter,02440159c5f68fe5eadc28ec6a21679ff484ac9d,3,3,3,3,repo-assist.md,ionide; fsprojects; fslaborg
frontmatter,13eb0875e81a1ed1c89108f7157683bdb504054d,3,3,3,3,daily-repo-status.md,dotnet; microsoft; hemanth
frontmatter,41e6d44eb2407554645fafcd69a9039c2cc11fe4,3,3,3,1,repo-assist.md,fsprojects
frontmatter,475e400aea185f957ffd0578f5b5fda2cf1e9f2b,3,3,3,1,repo-assist.md,popey
frontmatter,4e816c35ae506130b2435ee9317986020b9533e5,3,3,3,1,check-python-versions.md,microsoft
frontmatter,5299bed1b90cf80a932273e31e874f86fa2d1bb8,3,3,3,2,repo-assist.md,fsprojects; ionide
frontmatter,7ed4fd27fb0a2194ed26226b88f49a5e72e970d6,3,3,3,2,repo-assist.md,fsprojects; ionide
frontmatter,867be00220d952bf25bf2592738c4a131eda03b4,3,3,3,3,repo-assist.md,ionide; fsprojects; fslaborg
frontmatter,b6cb1896d42a57df455110d25e9dcea8029bd2f2,3,3,3,3,daily-repo-status.md,apache; lrascao; AndreaGriffiths11
frontmatter,c5a17acb2d76cbae17d0a8725458620db91b03ae,3,3,3,2,repo-assist.md,fsprojects; ionide
frontmatter,f0de018601a629f92f30c03ef4b15cfb91d2f010,3,3,3,3,repo-assist.md,ionide; fsprojects; fslaborg
frontmatter,fbc93e8eeeca2c986f1ca8a8f2fc8a4ce28ca37d,3,3,3,2,repo-assist.md,fsprojects; ionide
frontmatter,ff268bfdb0048de26029153518101808e4440ce8,3,3,3,2,repo-assist.md,fsprojects; ionide
frontmatter,0b44e94a77326fdb01ebf891b95a686a609ec0b3,2,2,2,2,duplicate-code-detector.md,storybookjs; ptarmiganlabs
frontmatter,108341f6c4f3c1ec39dae314c2db8cdcd7d75634,2,2,2,1,repo-assist.md,popey
frontmatter,18114c37289de42b40605a964ed06a2f06430af3,2,2,2,2,supply-chain-review.md,Activiti; Alfresco
frontmatter,2cb7e0b9d58dc8633cd7c2f3169d96d62cc5a071,2,2,2,1,repo-assist.md,shanselman
frontmatter,3041b0a15c1c100399b51367b292fa201066cf1c,2,2,2,1,kubernetes-operator-pr-review.md; azure-native-pr-review.md,pulumi
frontmatter,3c5763b7b1f5c2b102141f9c1482b2057245b2b7,2,2,2,1,repo-assist.md,fsprojects
frontmatter,4024113c4c4aa7b96d06b0bbe2b1a80ef51fd642,2,2,2,2,repo-assist.md,fslaborg; fsprojects
frontmatter,41a8bbd3728984489342beb924ca8432bbbf5530,2,2,2,2,repo-assist.md,fslaborg; fsprojects
frontmatter,4735b76fa0f240b2b46701edf20bbd6107daffe5,2,2,2,1,repo-assist.md,fsprojects
frontmatter,4f7c6a75b79a8168f127d557246f105a565926b0,2,2,2,1,repo-assist.md,fsprojects
frontmatter,59553d4ba52dc75e16c13a624b0d1c3abb40d225,2,2,2,1,repo-assist.md,fsprojects
frontmatter,5d7b13f1c6a788af3171f2e35597334522e51d1a,2,2,2,2,repo-assist.md,ionide; fsprojects
frontmatter,613f9c49eded75dd433a090b6b01ed25aabec341,4,2,2,2,update-docs.md,pikax; AndreaGriffiths11
frontmatter,62bd9fb1b996c5a7625a0992cc0eb1d01d6fbf79,2,2,2,1,repo-assist.md,fsprojects
frontmatter,761651661d6be9b0d979eb58b59380d87e2ebe90,2,2,2,2,repo-assist.md,fslaborg; fsprojects
frontmatter,7b7dbf70dc7965489bec61aaa751cd9ad0ba73d6,2,2,2,1,repo-assist.md,fsprojects
frontmatter,7df0743bce33bd59d276b9a3dc4913682f5256ae,2,2,2,1,java-interop-reviewer.md; android-tools-reviewer.md,dotnet
frontmatter,7f52dea430188180a29a7e25f07df8283ca479dc,2,2,2,2,pr-ai-slop-review.md,clash-verge-rev; fqfqgo
frontmatter,839d7336965a108a07206329f5b816daa945eb2a,2,2,2,1,repo-assist.md,popey
frontmatter,84c04bfd4eba3f43d7c58e38fb4d84fd9cdb7e47,2,2,2,1,kubernetes-operator-pr-rereview.md; azure-native-pr-rereview.md,pulumi
frontmatter,851ec69318e0846b48acf5b869bee5935cab9e36,2,2,2,1,terraform-bridge-pr-review.md; cdk-pr-review.md,pulumi
frontmatter,8744f61f88dfb1f8ce21220d2da34449c2d494b2,2,2,2,1,java-interop-reviewer.md; android-tools-reviewer.md,dotnet
frontmatter,8863c123e613d55be9648fb94eb0b71aba876bd5,2,2,2,1,repo-assist.md,fsprojects
frontmatter,981c4dc3770cdb6b418d01fa4154e8a709efcb25,2,2,2,1,repo-assist.md,fsprojects
frontmatter,9f8ee25e833702f7c8071b7f064a259168daf413,2,2,2,2,repo-assist.md,fslaborg; fsprojects
frontmatter,9fe574d7cf567bde14358772c97c418c3668b1ce,2,2,2,2,validate-pr.md,royshil; kaito-tokyo
frontmatter,a299061b21f96a133607b955eba6b42fcd642712,2,2,2,2,pr-ai-slop-review.md,clash-verge-rev; fqfqgo
frontmatter,a2e33b7be5e2000fac05f3be2940caf0689205fc,2,2,2,1,java-interop-reviewer.md; android-tools-reviewer.md,dotnet
frontmatter,aa32b24dde21b3f7afba89c744b89131e2eca75d,4,2,2,1,android-tools-reviewer.md; java-interop-reviewer.md,dotnet
frontmatter,acd5f2afdd5cd6e4e30873e46a150c0ccdccdf73,2,2,2,1,repo-assist.md,fsprojects
frontmatter,b6d7b566f1c6f8882e9f7e663e70ffc8b749c18a,2,2,2,2,repo-assist.md,ionide; fsprojects
frontmatter,b72e01766009f0c5134aa7964b9033855c614ed8,2,2,2,1,repo-assist.md,fsprojects
frontmatter,c090320bdb7502587d7ed542a15dea5db2633142,2,2,2,2,ci-failure-fix.md,vbuch; oboapp
frontmatter,c1b2862338b0337dd58aaef3d9c39f50d27e9538,6,2,2,2,pr-ai-slop-review.md,clash-verge-rev; fqfqgo
frontmatter,c4e6340114778ace0947a722b2933c9aa9df0304,2,2,2,2,supply-chain-review.md,Activiti; Alfresco
frontmatter,d0612ed2b383d9ca96e37755128eb7c31fae1296,2,2,2,2,repo-assist.md,fsprojects; fslaborg
frontmatter,d4f9b507fbebc89104bcab269f0dbb73f82a8317,2,2,2,1,repo-assist.md,fsprojects
frontmatter,da36b6384628d10606293bc82476c0b12470bc2f,2,2,2,1,repo-assist.md,fsprojects
frontmatter,dadceaed86ab02ae79ef3e232d77f1d5433ae913,2,2,2,2,supply-chain-review.md,Activiti; Alfresco
frontmatter,dcc026ac303dc21c6ad721423de8746c0b4f0877,2,2,2,2,repo-assist.md,ionide; fsprojects
frontmatter,dd8485d9e860808fa8c29a6cafbdd91356585b83,2,2,2,1,terraform-bridge-pr-rereview.md; cdk-pr-rereview.md,pulumi
frontmatter,e4f7db23e368dadc4986d6454a55816d4ec64d52,2,2,2,2,pr-ai-slop-review.md,clash-verge-rev; fqfqgo
frontmatter,e8b13d4c35066dc6d79860eceb2c5627b6015cb1,2,2,2,1,repo-assist.md,fsprojects
frontmatter,ee17710a7747b9b403e1a7701545910a782f5aef,2,2,2,1,repo-assist.md,fsprojects
frontmatter,f1c392a666365469a513a690da4bc97a5bdfec3e,2,2,2,2,repo-assist.md,ionide; fsprojects
frontmatter,f7305a513e3b85618890d91d6e6e4eebb86d08db,2,2,2,2,repo-assist.md,fslaborg; fsprojects
frontmatter,f739ca02f63860cacd8b4e3f55c9dd9db06fc33a,2,2,2,1,repo-assist.md,fsprojects
frontmatter,f8660ad5a9772ae3ecf913d460f6f91418a03ed1,2,2,2,1,repo-assist.md,fsprojects
frontmatter,62e3e0264b657ce0452791ad0976fc928438b24d,3,2,1,1,daily-team-status.md; devstats.md,kubestellar
frontmatter,6f831b2d5efb06e56261d0e170f740b2c5ea17e7,2,2,1,1,daily-team-status.md; devstats.md,kubestellar
frontmatter,b0a33366d1e9aaafba84ad8a6097fc26d40d44e4,2,2,1,1,daily-team-status.md; devstats.md,kubestellar
