import_target,n_files,n_repos,n_owners,remote
shared/reporting.md,15,9,9,False
shared/mood.md,12,8,8,False
shared/review-shared.md,6,3,2,False
github/gh-aw/.github/workflows/shared/reporting.md@94662b1dee8ce96c876ba9f33b3ab8be32de82a4,2,2,2,True
shared/engine-minimax.md,24,2,2,False
shared/formatting.md,3,2,2,False
shared/plugins/code-review/code-review.md,100,50,1,False
shared/review.md,100,50,1,False
shared/pat_pool.md,19,3,1,False
../agents/triage-specialist.agent.md,2,1,1,False
../aw/shared/devops-health.lock.md,2,1,1,False
.github/agents/code-reviewer.md,2,1,1,False
pulumi-labs/gh-aw-internal/.github/snippets/code-review.md@main,2,1,1,True
pulumi-labs/gh-aw-internal/.github/workflows/shared/plugins/code-review/code-review.md@242988150273951aad5f67b008256266bdff6112,2,1,1,True
pulumi-labs/gh-aw-internal/.github/workflows/shared/review.md@242988150273951aad5f67b008256266bdff6112,2,1,1,True
shared/apm.md,3,1,1,False
shared/build-failure-analysis-shared.md,2,1,1,False
shared/checkout.md,9,1,1,False
shared/dispatch-code-factory.md,4,1,1,False
shared/elastic-stack.md,2,1,1,False
shared/network-vendor-domains.md,10,1,1,False
shared/otel-logfire.md,10,1,1,False
shared/pre-agent-steps.md,9,1,1,False
shared/pre-steps.md,9,1,1,False
shared/repo-build-setup.md,4,1,1,False
shared/repo-context.md,10,1,1,False
shared/review-context.md,2,1,1,False
shared/rigor.md,10,1,1,False
shared/runtime.md,10,1,1,False
shared/safe-output-app.md,2,1,1,False
shared/setup-dev.md,10,1,1,False
shared/tool-hints.md,10,1,1,False
shared/triage-safe-outputs.md,2,1,1,False
