repo_full_name,nonstub_words,other_share,main_language,languages,excluded
Activiti/activiti-cloud,7228.0,0.0,en,en=7228,False
Alfresco/alfresco-build-tools,11965.0,0.0,en,en=11965,False
Alfresco/alfresco-ng2-components,7228.0,0.0,en,en=7228,False
AndreaGriffiths11/IssueCrush,605.0,0.0,en,en=605,False
Azure-Samples/octocat-supply,669.0,0.0,en,en=669,False
Azure/AppConfiguration-KubernetesProvider,554.0,0.0,en,en=554,False
Azure/LogicAppsUX,7204.0,0.0,en,en=7204,False
Azure/azure-dev,3327.0,0.0,en,en=3327,False
Azure/azure-sdk-for-go,5191.0,0.0,en,en=5191,False
Azure/azure-sdk-for-js,140396.0,0.0,en,en=140396,False
Azure/azure-sdk-for-net,65158.0,0.0,en,en=65158,False
Azure/azure-sdk-for-python,231.0,0.0,en,en=231,False
Azure/azure-sdk-for-rust,7678.0,0.0,en,en=7678,False
Azure/git-ape,4148.0,0.0,en,en=4148,False
Azure/typespec-azure,6461.0,0.0,en,en=6461,False
BMayhew/awesome-sites-to-test-on,2074.0,0.0,en,en=2074,False
CliMA/ClimaAtmos.jl,1363.0,0.0,en,en=1363,False
CommunityToolkit/Aspire,1854.0,0.0,en,en=1854,False
DanWahlin/github-azure-agentic-journeys,7223.0,0.0,en,en=7223,False
Dedac/Beam,1261.0,0.0,en,en=1261,False
DevExpGbb/gh-devlake,501.0,0.0,en,en=501,False
FalkorDB/falkordb-rs-next-gen,11173.0,0.0,en,en=11173,False
Flare-Animate/Flare,398.0,0.0,en,en=398,False
GuyKh/iec-custom-component,524.0,0.0,en,en=524,False
IgniteUI/igniteui-docfx,1444.0,0.0,en,en=1444,False
IgniteUI/igniteui-xplat-docs,8182.0,0.0,en,en=8182,False
Josverl/micropython-stubs,1845.0,0.0,en,en=1845,False
Keboo/DotnetTemplates,2623.0,0.0,en,en=2623,False
Kong/kongctl,57895.0,0.0,en,en=57895,False
KunalSin9h/meltcd,238.0,0.0,en,en=238,False
MiguelElGallo/mpzsql,3452.0,0.0,en,en=3452,False
MoiraeSoftware/Myriad,1739.0,0.0,en,en=1739,False
NikiforovAll/keycloak-authorization-services-dotnet,5929.0,0.0,en,en=5929,False
OpenMS/OpenMS,2857.0,0.0,en,en=2857,False
PowerShell/vscode-powershell,3136.0,0.0,en,en=3136,False
PureWeen/PolyPilot,34307.0,0.0,en,en=34307,False
ReactiveX/RxPY,6212.0,0.0,en,en=6212,False
RustPython/RustPython,2637.0,0.0,en,en=2637,False
SatelliteQE/broker,1002.0,0.0,en,en=1002,False
Shazwazza/Articulate,5942.0,0.0,en,en=5942,False
SonarSource/sonarqube-cli,845.0,0.0,en,en=845,False
UbiHome/UbiHome,998.0,0.0,en,en=998,False
WordPress/grunt-patch-wordpress,119.0,0.0,en,en=119,False
YousefHadder/markdown-plus.nvim,38308.0,0.0,en,en=38308,False
ZSWatch/ZSWatch,1580.0,0.0,en,en=1580,False
adoptium/api.adoptium.net,3989.0,0.0,en,en=3989,False
adoptium/containers,13644.0,0.0,en,en=13644,False
advanced-security/advanced-security-material,21363.0,0.0,en,en=21363,False
alexandru/social-publish,1726.0,0.0,en,en=1726,False
anweiss/cddl,1221.0,0.0,en,en=1221,False
apache/cloudstack,1438.0,0.0,en,en=1438,False
apolloconfig/apollo,930.0,0.0,en,en=930,False
appwrite/appwrite,9746.0,0.0,en,en=9746,False
asizikov-demos/copilot-user-level-statistics-viewer,7811.0,0.0,en,en=7811,False
baizhiheizi/quill,71074.0,0.0,en,en=71074,False
bob-collective/bob,284.0,0.0,en,en=284,False
brunoborges/fx2048,144.0,0.0,en,en=144,False
brunoborges/jairosvg,2357.0,0.0,en,en=2357,False
carlkidcrypto/ezsnmp,33145.0,0.0,en,en=33145,False
chimon2000/good_first_issue,9788.0,0.0,en,en=9788,False
chrisreddington/flight-school,5066.0,0.0,en,en=5066,False
chrisreddington/trend-radar,5388.0,0.0,en,en=5388,False
clash-verge-rev/clash-verge-rev,16138.0,0.0,en,en=16138,False
cncf/contribute-site,17700.0,0.0,en,en=17700,False
copilot-community-sdk/copilot-sdk-java,4692.0,0.0,en,en=4692,False
czlonkowski/n8n-mcp,1230.0,0.0,en,en=1230,False
dgreif/ring,3012.0,0.0,en,en=3012,False
doggy8088/Apptopia,3037.0,0.0,en,en=3037,False
dorlugasigal/TermBeam,502.0,0.0,en,en=502,False
dotnet/SqlClient,5358.0,0.0,en,en=5358,False
dotnet/android,12862.0,0.0,en,en=12862,False
dotnet/android-tools,1523.0,0.0,en,en=1523,False
dotnet/fsharp,67478.0,0.0,en,en=67478,False
dotnet/java-interop,1912.0,0.0,en,en=1912,False
dotnet/machinelearning,11347.0,0.0,en,en=11347,False
dotnet/macios,16173.0,0.0,en,en=16173,False
dotnet/maintenance-packages,3047.0,0.0,en,en=3047,False
dotnet/maui,38144.0,0.0,en,en=38144,False
dotnet/maui-labs,10595.0,0.0,en,en=10595,False
dotnet/msbuild,67167.0,0.0,en,en=67167,False
dotnet/runtime,107365.0,0.0,en,en=107365,False
dotnet/skills,133424.0,0.0,en,en=133424,False
drasi-project/drasi-server,7530.0,0.0,en,en=7530,False
drehelis/gcp-emulator-ui,7540.0,0.0,en,en=7540,False
duckduckgo/Android,3784.0,0.0,en,en=3784,False
elastic/elastic-docs-skills,8472.0,0.0,en,en=8472,False
elastic/elasticsearch-specification,4480.0,0.0,en,en=4480,False
elastic/kibana,25945.0,0.0,en,en=25945,False
elastic/opentelemetry-collector-components,906.0,0.0,en,en=906,False
elastic/terraform-provider-elasticstack,175405.0,0.0,en,en=175405,False
erigontech/erigon,220.0,0.0,en,en=220,False
evcc-io/evcc,479.0,0.0,en,en=479,False
executeautomation/ExecuteAutomationWebApp,105.0,0.0,en,en=105,False
f/prompts.chat,898.0,0.0,en,en=898,False
fable-compiler/Fable,32934.0,0.0,en,en=32934,False
fable-compiler/Fable.Python,6428.0,0.0,en,en=6428,False
fedixyz/fedi,8071.0,0.0,en,en=8071,False
felipementel/GitHubCopilotDevDays-Curitiba-2026,625.0,0.866,pt,pt=541; en=84,True
fideus-labs/ngff-zarr,9413.0,0.0,en,en=9413,False
foxminchan/BookWorm,16851.0,0.0,en,en=16851,False
fqfqgo/clash-verge-rev,5160.0,0.0,en,en=5160,False
fslaborg/Deedle,33203.0,0.0,en,en=33203,False
fslaborg/FSharp.Stats,35897.0,0.0,en,en=35897,False
fsprojects/FSharp.Control.AsyncSeq,100232.0,0.0,en,en=100232,False
fsprojects/FSharp.Control.TaskSeq,51995.0,0.0,en,en=51995,False
fsprojects/FSharp.Data.SqlClient,43913.0,0.0,en,en=43913,False
fsprojects/FSharp.Formatting,84133.0,0.0,en,en=84133,False
fsprojects/FSharp.TypeProviders.SDK,70905.0,0.0,en,en=70905,False
fsprojects/FSharpx.Collections,52061.0,0.0,en,en=52061,False
fsprojects/FsHttp,2694.0,0.0,en,en=2694,False
fsprojects/SwaggerProvider,67278.0,0.0,en,en=67278,False
fsprojects/fantomas,108691.0,0.0,en,en=108691,False
getindata/kedro-vertexai,1053.0,0.0,en,en=1053,False
github/awesome-copilot,14418.0,0.0,en,en=14418,False
github/copilot-sdk,24102.0,0.0,en,en=24102,False
github/gh-aw-actions,1502.0,0.0,en,en=1502,False
githubnext/agentics,30502.0,0.0,en,en=30502,False
githubnext/autoloop,37943.0,0.0,en,en=37943,False
guitarrapc/githubactions-lab,315.0,0.0,en,en=315,False
hatch3r/hatch3r,1071.0,0.0,en,en=1071,False
hemanth/mcp-web-client,105.0,0.0,en,en=105,False
henrybravo/docker-sandbox-run-copilot,730.0,0.0,en,en=730,False
home-assistant/core,25883.0,0.0,en,en=25883,False
iamnbutler/gpui-unofficial,1423.0,0.0,en,en=1423,False
inference-sh/shadcn-registry,244.0,0.0,en,en=244,False
influxdata/docs-v2,105.0,0.0,en,en=105,False
informedica/GenPRES,4828.0,0.0,en,en=4828,False
intent-integrity-chain/kit,5302.0,0.0,en,en=5302,False
internetarchive/openlibrary,6103.0,0.0,en,en=6103,False
ionide/FsAutoComplete,76644.0,0.0,en,en=76644,False
ionide/ionide-vscode-fsharp,74812.0,0.0,en,en=74812,False
jonathanpeppers/dotnes,334.0,0.0,en,en=334,False
jurre/huebar,772.0,0.0,en,en=772,False
kaito-project/aikit,2657.0,0.0,en,en=2657,False
kaito-tokyo/live-backgroundremoval-lite,280.0,0.0,en,en=280,False
kubestellar/docs,28128.0,0.0,en,en=28128,False
lablup/backend.ai-webui,11429.0,0.0,en,en=11429,False
libxengine/XEngine_Authorize,2921.0,1.0,zh,zh=2921,True
licensee/licensee,47911.0,0.0,en,en=47911,False
lrascao/rebar3_gpb_plugin,210.0,0.0,en,en=210,False
mcpc-tech/dev-inspector-mcp,105.0,0.0,en,en=105,False
meshery/schemas,447.0,0.0,en,en=447,False
meteostat/meteostat,2274.0,0.0,en,en=2274,False
microsoft/AI-Engineering-Coach,2958.0,0.0,en,en=2958,False
microsoft/GitHub-Copilot-for-Azure,3424.0,0.0,en,en=3424,False
microsoft/Microsoft-AI-Decision-Framework,2657.0,0.0,en,en=2657,False
microsoft/Web-Dev-For-Beginners,105.0,0.0,en,en=105,False
microsoft/agentrc,7583.0,0.0,en,en=7583,False
microsoft/apm,28076.0,0.0,en,en=28076,False
microsoft/apm-action,86.0,0.0,en,en=86,False
microsoft/aspire,143258.0,0.0,en,en=143258,False
microsoft/finnts,2583.0,0.0,en,en=2583,False
microsoft/gctoolkit,1462.0,0.0,en,en=1462,False
microsoft/mcp,2198.0,0.0,en,en=2198,False
microsoft/physical-ai-toolchain,6658.0,0.0,en,en=6658,False
microsoft/pxt,1915.0,0.0,en,en=1915,False
microsoft/pxt-arcade,12291.0,0.0,en,en=12291,False
microsoft/pylance-release,393.0,0.0,en,en=393,False
microsoft/security-devops-action,15287.0,0.0,en,en=15287,False
microsoft/skills,830.0,0.0,en,en=830,False
microsoft/typespec,10634.0,0.0,en,en=10634,False
microsoft/vscode-black-formatter,15361.0,0.0,en,en=15361,False
microsoft/vscode-isort,15742.0,0.0,en,en=15742,False
microsoft/vscode-mypy,15704.0,0.0,en,en=15704,False
microsoft/vscode-pylint,17340.0,0.0,en,en=17340,False
microsoft/vstest,44089.0,0.001,en,en=44066; af=23,False
microsoft/wassette,7933.0,0.0,en,en=7933,False
moeru-ai/airi,3350.0,0.0,en,en=3350,False
mongodb-js/devtools-shared,1516.0,0.0,en,en=1516,False
mono/SkiaSharp,13089.0,0.0,en,en=13089,False
natnew/Awesome-Data-Science,835.0,0.0,en,en=835,False
navikt/copilot,5979.0,0.0,en,en=5979,False
neverinfamous/memory-journal-mcp,5146.0,0.0,en,en=5146,False
npgsql/efcore.pg,1530.0,0.0,en,en=1530,False
oboapp/oboapp,221.0,0.0,en,en=221,False
ohcnetwork/care_fe,1999.0,0.0,en,en=1999,False
openvinotoolkit/openvino,53406.0,0.0,en,en=53406,False
openvinotoolkit/openvino.genai,12667.0,0.0,en,en=12667,False
opsmill/infrahub,81978.0,0.0,en,en=81978,False
pikax/verter,1784.0,0.0,en,en=1784,False
pockebot/openpocket,271.0,0.0,en,en=271,False
popey/grummage,11660.0,0.0,en,en=11660,False
popey/sbom-vm,11660.0,0.0,en,en=11660,False
popey/slomore,8745.0,0.0,en,en=8745,False
prowler-cloud/prowler,85.0,0.0,en,en=85,False
ptarmiganlabs/butler-sos,8535.0,0.0,en,en=8535,False
pulumi/ci-mgmt,,,,,False
pulumi/pulumi-aiven,,,,,False
pulumi/pulumi-alicloud,,,,,False
pulumi/pulumi-auth0,,,,,False
pulumi/pulumi-aws,,,,,False
pulumi/pulumi-aws-apigateway,,,,,False
pulumi/pulumi-aws-native,,,,,False
pulumi/pulumi-azure,,,,,False
pulumi/pulumi-azure-native,,,,,False
pulumi/pulumi-azuread,,,,,False
pulumi/pulumi-azuredevops,,,,,False
pulumi/pulumi-cdk,373.0,0.0,en,en=373,False
pulumi/pulumi-cloudflare,,,,,False
pulumi/pulumi-cloudinit,,,,,False
pulumi/pulumi-command,,,,,False
pulumi/pulumi-databricks,,,,,False
pulumi/pulumi-datadog,,,,,False
pulumi/pulumi-digitalocean,,,,,False
pulumi/pulumi-docker,,,,,False
pulumi/pulumi-docker-build,,,,,False
pulumi/pulumi-eks,,,,,False
pulumi/pulumi-fastly,,,,,False
pulumi/pulumi-gcp,,,,,False
pulumi/pulumi-github,,,,,False
pulumi/pulumi-gitlab,,,,,False
pulumi/pulumi-hcloud,,,,,False
pulumi/pulumi-kafka,,,,,False
pulumi/pulumi-keycloak,,,,,False
pulumi/pulumi-kubernetes,,,,,False
pulumi/pulumi-kubernetes-cert-manager,,,,,False
pulumi/pulumi-kubernetes-ingress-nginx,,,,,False
pulumi/pulumi-kubernetes-operator,71.0,0.0,en,en=71,False
pulumi/pulumi-linode,,,,,False
pulumi/pulumi-mongodbatlas,,,,,False
pulumi/pulumi-newrelic,,,,,False
pulumi/pulumi-nomad,,,,,False
pulumi/pulumi-oci,,,,,False
pulumi/pulumi-okta,,,,,False
pulumi/pulumi-openstack,,,,,False
pulumi/pulumi-postgresql,,,,,False
pulumi/pulumi-provider-boilerplate,,,,,False
pulumi/pulumi-pulumiservice,,,,,False
pulumi/pulumi-rabbitmq,,,,,False
pulumi/pulumi-rancher2,,,,,False
pulumi/pulumi-random,,,,,False
pulumi/pulumi-snowflake,,,,,False
pulumi/pulumi-tailscale,,,,,False
pulumi/pulumi-terraform,,,,,False
pulumi/pulumi-terraform-bridge,444.0,0.0,en,en=444,False
pulumi/pulumi-tls,,,,,False
pulumi/pulumi-vault,,,,,False
pulumi/pulumi-vsphere,,,,,False
py-why/dowhy,10776.0,0.0,en,en=10776,False
pydantic/pydantic-ai,,,,,False
r12f/rnp,105.0,0.0,en,en=105,False
rancher/dashboard,38931.0,0.0,en,en=38931,False
royshil/obs-backgroundremoval,280.0,0.0,en,en=280,False
runhey/OnmyojiAutoScript,11058.0,1.0,zh,zh=11058,True
sergey-tihon/Clippit,50857.0,0.0,en,en=50857,False
shanselman/WindowsEdgeLight,2694.0,0.0,en,en=2694,False
shanselman/winget-tui,2694.0,0.0,en,en=2694,False
storybookjs/storybook,5697.0,0.0,en,en=5697,False
stride3d/stride-community-toolkit,1629.0,0.0,en,en=1629,False
svenjacobs/lokksmith,1427.0,0.0,en,en=1427,False
sytone/obsidian-queryallthethings,1726.0,0.0,en,en=1726,False
talk2MeGooseman/stream_closed_captioner_phoenix,17723.0,0.0,en,en=17723,False
taosdata/TDengine,2293.0,0.0,en,en=2293,False
timrogers/iata-code-decoder-api,104.0,0.0,en,en=104,False
tosin2013/mcp-adr-analysis-server,21932.0,0.0,en,en=21932,False
unipept/unipept,803.0,0.0,en,en=803,False
uxsoft/AppleWirelessKeyboard,2694.0,0.0,en,en=2694,False
vaadin/flow,2746.0,0.0,en,en=2746,False
vbuch/oboapp,221.0,0.0,en,en=221,False
webmaxru/web-ai-agent-skills,1424.0,0.0,en,en=1424,False
wp-media/wp-rocket,5964.0,0.0,en,en=5964,False
zircote/rlm-rs,4789.0,0.0,en,en=4789,False
