version_id,which,rank,kind,source,source_history_id,scope,paragraphs,words,share,significant
1,first,1,template,githubnext/agentics/workflows/daily-issue-triage.md,,upstream template,15,482,0.526,True
1,first,2,template,githubnext/agentics/workflows/agentic-triage.md,,upstream template,1,37,0.04,False
2,first,1,template,githubnext/agentics/workflows/daily-repo-status.md,,upstream template,4,93,1.0,True
5,last,1,template,githubnext/agentics/workflows/daily-repo-status.md,,upstream template,4,93,1.0,True
9,first,1,ghaw,dotnet/machinelearning,29.0,other owner,1,11,0.009,False
10,last,1,ghaw,dotnet/machinelearning,29.0,other owner,1,11,0.009,False
11,first,1,template,Alfresco/alfresco-build-tools/.github/workflows/supply-chain-review.md,,upstream template,74,2203,1.0,True
13,last,1,template,Alfresco/alfresco-build-tools/.github/workflows/supply-chain-review.md,,upstream template,76,2304,1.0,True
17,first,1,template,githubnext/agentics/workflows/daily-repo-status.md,,upstream template,4,93,1.0,True
18,first,1,ghaw,duckduckgo/Android,6.0,same repo,3,51,0.067,False
19,first,1,template,githubnext/agentics/workflows/daily-repo-status.md,,upstream template,4,93,1.0,True
20,first,1,ghaw,Dedac/Beam,11.0,same repo,1,31,0.08,False
21,last,1,ghaw,Dedac/Beam,11.0,same repo,1,31,0.073,False
54,first,1,template,githubnext/agentics/workflows/repo-assist.md,,upstream template,32,1799,0.697,True
61,first,1,ghaw,dotnet/runtime,72.0,same owner,4,50,0.009,False
61,first,2,ghaw,dotnet/runtime,74.0,same owner,1,8,0.001,False
62,first,1,ghaw,dotnet/runtime,72.0,same owner,4,50,0.009,False
62,first,2,ghaw,dotnet/runtime,74.0,same owner,1,8,0.001,False
63,first,1,ghaw,dotnet/runtime,74.0,same owner,3,119,0.11,True
67,last,1,ghaw,dotnet/maui,20.0,same repo,30,1329,0.9,True
68,first,1,ghaw,dotnet/runtime,74.0,same owner,3,119,0.11,True
72,last,1,ghaw,dotnet/maui,19.0,same repo,30,1329,0.9,True
73,first,1,template,pulumi-labs/gh-aw-internal/.github/workflows/shared/review.md,,upstream template,1,15,0.066,False
86,first,1,template,githubnext/agentics/workflows/daily-repo-status.md,,upstream template,4,93,1.0,True
88,last,1,template,githubnext/agentics/workflows/daily-repo-status.md,,upstream template,4,93,1.0,True
94,first,1,ghaw,dotnet/runtime,73.0,same owner,24,903,0.526,True
95,last,1,ghaw,dotnet/runtime,73.0,same owner,24,903,0.526,True
96,first,1,ghaw,dotnet/runtime,74.0,same owner,2,31,0.035,False
99,last,1,ghaw,dotnet/machinelearning,29.0,same repo,1,21,0.015,False
100,first,1,ghaw,dotnet/skills,576.0,same owner,1,10,0.015,False
101,last,1,ghaw,dotnet/machinelearning,28.0,same repo,1,16,0.025,False
101,last,2,ghaw,dotnet/skills,576.0,same owner,1,10,0.015,False
109,first,1,template,githubnext/agentics/workflows/code-simplifier.md,,upstream template,39,1155,0.987,True
110,first,1,template,githubnext/agentics/workflows/daily-file-diet.md,,upstream template,17,371,0.583,True
118,first,1,template,githubnext/agentics/workflows/daily-efficiency-improver.md,,upstream template,37,2133,0.729,True
119,first,1,template,githubnext/agentics/workflows/link-checker.md,,upstream template,19,683,1.0,True
120,last,1,template,githubnext/agentics/workflows/link-checker.md,,upstream template,19,683,1.0,True
131,last,1,ghaw,microsoft/vstest,36.0,same repo,1,61,0.044,False
132,first,1,template,githubnext/agentics/workflows/daily-malicious-code-scan.md,,upstream template,37,1283,1.0,True
133,first,1,template,githubnext/agentics/workflows/markdown-linter.md,,upstream template,11,259,0.89,True
134,first,1,template,githubnext/agentics/workflows/link-checker.md,,upstream template,9,271,0.359,True
136,last,1,template,githubnext/agentics/workflows/link-checker.md,,upstream template,7,248,0.348,True
138,first,1,template,githubnext/agentics/workflows/pr-nitpick-reviewer.md,,upstream template,2,33,0.027,False
143,last,1,ghaw,microsoft/vstest,36.0,same repo,1,60,0.048,False
143,last,2,template,githubnext/agentics/workflows/pr-nitpick-reviewer.md,,upstream template,1,23,0.018,False
153,first,1,template,githubnext/agentics/workflows/repository-quality-improver.md,,upstream template,55,1650,1.0,True
159,first,1,template,githubnext/agentics/workflows/daily-efficiency-improver.md,,upstream template,38,2102,0.726,True
160,last,1,template,githubnext/agentics/workflows/daily-efficiency-improver.md,,upstream template,38,2102,0.726,True
166,last,1,ghaw,dotnet/skills,574.0,same owner,9,653,1.0,True
176,last,1,ghaw,dotnet/msbuild,51.0,same repo,7,244,0.052,False
177,first,1,ghaw,dotnet/msbuild,50.0,same repo,5,195,0.056,False
181,last,1,ghaw,dotnet/msbuild,50.0,same repo,7,222,0.058,False
200,first,1,ghaw,Azure/azure-sdk-for-rust,202.0,same owner,10,802,0.954,True
200,first,2,ghaw,appwrite/appwrite,106.0,other owner,1,12,0.014,False
219,last,1,ghaw,Azure/azure-sdk-for-go,157.0,same owner,71,2271,0.731,True
219,last,2,ghaw,Azure/azure-sdk-for-js,95.0,same owner,7,143,0.046,False
228,first,1,ghaw,OpenMS/OpenMS,57.0,same repo,2,41,0.081,False
233,first,1,ghaw,fable-compiler/Fable.Python,345.0,other owner,25,856,0.286,True
234,last,1,ghaw,fable-compiler/Fable.Python,345.0,other owner,25,856,0.286,True
241,first,1,ghaw,Azure/azure-sdk-for-js,93.0,same owner,3,212,0.951,True
242,first,1,template,githubnext/agentics/workflows/agentic-triage.md,,upstream template,11,510,0.95,True
243,last,1,template,githubnext/agentics/workflows/agentic-triage.md,,upstream template,11,510,0.95,True
245,first,1,ghaw,openvinotoolkit/openvino,69.0,same repo,15,1167,0.294,True
254,last,1,ghaw,openvinotoolkit/openvino,69.0,same repo,15,1167,0.24,True
255,first,1,ghaw,openvinotoolkit/openvino.genai,305.0,same owner,23,1112,0.839,True
259,last,1,ghaw,openvinotoolkit/openvino.genai,305.0,same owner,23,1174,0.629,True
259,last,2,ghaw,openvinotoolkit/openvino,68.0,same repo,4,463,0.248,True
267,first,1,ghaw,dotnet/runtime,74.0,same repo,6,149,0.041,False
268,last,1,ghaw,dotnet/runtime,74.0,same repo,6,149,0.041,False
275,last,1,ghaw,dotnet/machinelearning,25.0,same owner,16,793,0.229,True
293,last,1,ghaw,dotnet/runtime,72.0,same repo,4,74,0.019,False
293,last,2,ghaw,dotnet/machinelearning,26.0,same owner,2,32,0.008,False
318,first,1,template,Alfresco/alfresco-build-tools/.github/workflows/supply-chain-review.md,,upstream template,74,2203,1.0,True
320,last,1,template,Alfresco/alfresco-build-tools/.github/workflows/supply-chain-review.md,,upstream template,76,2304,1.0,True
321,first,1,template,github/gh-aw/.github/workflows/code-simplifier.md,,upstream template,53,1490,0.99,True
322,last,1,template,github/gh-aw/.github/workflows/code-simplifier.md,,upstream template,44,1197,0.97,True
322,last,2,ghaw,microsoft/agentrc,546.0,other owner,1,8,0.006,False
323,first,1,template,github/gh-aw/.github/workflows/duplicate-code-detector.md,,upstream template,29,1117,1.0,True
324,last,1,template,github/gh-aw/.github/workflows/duplicate-code-detector.md,,upstream template,28,1003,0.946,True
325,first,1,template,githubnext/agentics/workflows/agentics/shared/xpia.md,,upstream template,1,20,0.039,False
327,last,1,template,githubnext/agentics/workflows/agentics/shared/xpia.md,,upstream template,1,20,0.031,False
329,first,1,template,githubnext/agentics/workflows/agentic-triage.md,,upstream template,11,510,0.95,True
336,first,1,ghaw,Azure/azure-sdk-for-js,97.0,same repo,7,161,0.375,True
351,last,1,ghaw,Azure/azure-sdk-for-js,97.0,same repo,9,187,0.37,True
352,first,1,ghaw,Azure/azure-sdk-for-js,97.0,same repo,3,37,0.091,False
366,last,1,ghaw,Azure/azure-sdk-for-js,90.0,same repo,7,102,0.128,True
367,first,1,ghaw,Azure/azure-sdk-for-js,100.0,same repo,4,59,0.123,True
367,first,2,ghaw,Azure/azure-sdk-for-js,97.0,same repo,1,18,0.038,False
367,first,3,ghaw,github/awesome-copilot,412.0,other owner,1,9,0.019,False
382,last,1,ghaw,Azure/azure-sdk-for-js,100.0,same repo,6,85,0.165,True
382,last,2,ghaw,Azure/azure-sdk-for-js,97.0,same repo,1,18,0.035,False
382,last,3,ghaw,github/awesome-copilot,412.0,other owner,1,9,0.017,False
389,last,1,ghaw,Azure/azure-sdk-for-python,65.0,same owner,3,196,0.947,True
401,first,1,ghaw,Azure/azure-sdk-for-net,54.0,same owner,67,2035,0.731,True
407,last,1,ghaw,Azure/azure-sdk-for-net,54.0,same owner,67,2035,0.731,True
408,first,1,ghaw,Azure/azure-sdk-for-js,97.0,same repo,3,156,0.324,True
411,last,1,ghaw,Azure/azure-sdk-for-js,97.0,same repo,3,156,0.324,True
436,last,1,ghaw,Azure/azure-sdk-for-js,90.0,same repo,8,131,0.236,True
437,first,1,ghaw,Azure/azure-sdk-for-js,97.0,same repo,3,37,0.081,False
451,last,1,ghaw,Azure/azure-sdk-for-js,100.0,same repo,6,175,0.354,True
451,last,2,ghaw,Azure/azure-sdk-for-js,90.0,same repo,1,20,0.04,False
452,first,1,ghaw,Azure/azure-sdk-for-js,91.0,same repo,5,183,0.318,True
466,last,1,ghaw,Azure/azure-sdk-for-js,91.0,same repo,7,209,0.342,True
467,first,1,ghaw,Azure/azure-sdk-for-js,98.0,same repo,4,147,0.338,True
467,first,2,ghaw,Azure/azure-sdk-for-js,91.0,same repo,1,20,0.046,False
467,first,3,ghaw,Azure/azure-sdk-for-js,99.0,same repo,1,20,0.046,False
481,last,1,ghaw,Azure/azure-sdk-for-js,98.0,same repo,6,173,0.367,True
481,last,2,ghaw,Azure/azure-sdk-for-js,91.0,same repo,1,20,0.042,False
481,last,3,ghaw,Azure/azure-sdk-for-js,99.0,same repo,1,20,0.042,False
482,first,1,ghaw,DevExpGbb/gh-devlake,563.0,other owner,1,8,0.008,False
488,last,1,ghaw,DevExpGbb/gh-devlake,563.0,other owner,1,8,0.008,False
490,first,1,template,github/gh-aw/.github/workflows/duplicate-code-detector.md,,upstream template,29,1117,1.0,True
494,last,1,template,githubnext/agentics/workflows/duplicate-code-detector.md,,upstream template,26,960,1.0,True
495,first,1,template,githubnext/agentics/workflows/grumpy-reviewer.md,,upstream template,20,843,1.0,True
497,last,1,template,githubnext/agentics/workflows/grumpy-reviewer.md,,upstream template,20,843,1.0,True
499,last,1,ghaw,IgniteUI/igniteui-xplat-docs,380.0,same owner,18,365,0.446,True
500,first,1,template,githubnext/agentics/workflows/agentic-triage.md,,upstream template,11,511,0.95,True
512,last,1,template,githubnext/agentics/workflows/agentic-triage.md,,upstream template,4,97,0.105,True
513,first,1,template,githubnext/agentics/workflows/daily-repo-status.md,,upstream template,4,93,1.0,True
554,last,1,ghaw,elastic/kibana,113.0,same repo,1,60,1.0,False
555,first,1,ghaw,elastic/kibana,112.0,same repo,1,30,1.0,False
559,last,1,ghaw,elastic/kibana,112.0,same repo,1,60,0.759,False
560,first,1,ghaw,elastic/kibana,113.0,same repo,2,74,1.0,True
561,last,1,ghaw,elastic/kibana,113.0,same repo,2,74,1.0,True
562,first,1,template,githubnext/agentics/workflows/daily-test-improver.md,,upstream template,30,1199,0.736,True
565,last,1,template,githubnext/agentics/workflows/daily-test-improver.md,,upstream template,29,1174,0.711,True
569,last,1,ghaw,lablup/backend.ai-webui,117.0,same repo,6,538,1.0,True
570,first,1,ghaw,lablup/backend.ai-webui,116.0,same repo,6,410,1.0,True
573,last,1,ghaw,lablup/backend.ai-webui,116.0,same repo,6,410,1.0,True
575,first,1,template,githubnext/agentics/workflows/daily-team-status.md,,upstream template,4,82,1.0,True
576,last,1,template,githubnext/agentics/workflows/daily-team-status.md,,upstream template,4,82,1.0,True
584,first,1,template,githubnext/agentics/workflows/repo-assist.md,,upstream template,29,1971,0.701,True
599,last,1,template,githubnext/agentics/workflows/repo-assist.md,,upstream template,27,1789,0.583,True
602,first,1,template,pulumi-labs/gh-aw-internal/.github/workflows/gh-aw-pr-rereview.md,,upstream template,1,26,1.0,False
605,first,1,template,pulumi-labs/gh-aw-internal/.github/workflows/gh-aw-pr-review.md,,upstream template,1,28,1.0,False
620,first,1,template,pulumi-labs/gh-aw-internal/.github/workflows/gh-aw-pr-rereview.md,,upstream template,5,165,1.0,True
623,last,1,template,pulumi-labs/gh-aw-internal/.github/workflows/gh-aw-pr-rereview.md,,upstream template,1,26,1.0,False
624,first,1,template,pulumi-labs/gh-aw-internal/.github/workflows/gh-aw-pr-review.md,,upstream template,4,179,1.0,True
627,last,1,template,pulumi-labs/gh-aw-internal/.github/workflows/gh-aw-pr-review.md,,upstream template,1,28,1.0,False
657,first,1,ghaw,Azure/azure-sdk-for-net,54.0,same owner,71,2262,0.899,True
661,first,1,template,githubnext/agentics/workflows/repo-assist.md,,upstream template,28,1722,0.666,True
678,last,1,ghaw,fsprojects/fantomas,334.0,other owner,35,2125,0.764,True
705,first,1,ghaw,elastic/terraform-provider-elasticstack,178.0,same repo,1,17,0.019,False
727,last,1,ghaw,elastic/terraform-provider-elasticstack,178.0,same repo,3,94,0.07,False
766,last,1,ghaw,elastic/terraform-provider-elasticstack,176.0,same repo,2,76,0.09,False
766,last,2,ghaw,elastic/terraform-provider-elasticstack,184.0,same repo,2,34,0.04,False
766,last,3,ghaw,elastic/terraform-provider-elasticstack,185.0,same repo,1,30,0.035,False
767,first,1,template,githubnext/agentics/workflows/duplicate-code-detector.md,,upstream template,25,938,0.907,True
767,first,2,ghaw,elastic/terraform-provider-elasticstack,186.0,same repo,3,68,0.066,False
779,last,1,template,githubnext/agentics/workflows/duplicate-code-detector.md,,upstream template,25,938,0.881,True
779,last,2,ghaw,elastic/terraform-provider-elasticstack,186.0,same repo,4,99,0.093,False
780,first,1,ghaw,elastic/terraform-provider-elasticstack,186.0,same repo,2,60,0.088,False
786,last,1,ghaw,elastic/terraform-provider-elasticstack,186.0,same repo,3,91,0.129,True
834,first,1,ghaw,elastic/terraform-provider-elasticstack,178.0,same repo,2,34,0.029,False
834,first,2,ghaw,elastic/terraform-provider-elasticstack,185.0,same repo,1,24,0.021,False
846,last,1,ghaw,elastic/terraform-provider-elasticstack,178.0,same repo,2,34,0.029,False
846,last,2,ghaw,elastic/terraform-provider-elasticstack,185.0,same repo,1,24,0.021,False
847,first,1,ghaw,elastic/terraform-provider-elasticstack,178.0,same repo,2,60,0.091,False
865,last,1,ghaw,elastic/terraform-provider-elasticstack,176.0,same repo,1,26,0.035,False
865,last,2,ghaw,elastic/terraform-provider-elasticstack,184.0,same repo,1,23,0.031,False
893,last,1,ghaw,elastic/terraform-provider-elasticstack,179.0,same repo,4,99,0.2,True
896,first,1,ghaw,elastic/terraform-provider-elasticstack,179.0,same repo,6,156,0.107,True
909,last,1,ghaw,elastic/terraform-provider-elasticstack,179.0,same repo,7,187,0.127,True
916,first,1,ghaw,advanced-security/advanced-security-material,196.0,same repo,1,8,0.009,False
923,last,1,ghaw,advanced-security/advanced-security-material,196.0,same repo,1,8,0.006,False
934,last,1,ghaw,advanced-security/advanced-security-material,195.0,same repo,1,8,0.006,False
937,first,1,template,githubnext/agentics/workflows/ci-doctor.md,,upstream template,24,1184,1.0,True
938,first,1,template,githubnext/agentics/workflows/daily-repo-status.md,,upstream template,4,93,1.0,True
942,first,1,template,githubnext/agentics/workflows/agentic-triage.md,,upstream template,7,331,0.384,True
951,last,1,ghaw,Azure/azure-sdk-for-go,157.0,same owner,29,750,0.428,True
951,last,2,ghaw,Azure/azure-sdk-for-net,54.0,same owner,1,10,0.006,False
952,first,1,ghaw,microsoft/GitHub-Copilot-for-Azure,516.0,other owner,1,17,0.23,False
953,first,1,ghaw,microsoft/vscode-isort,216.0,same owner,17,486,1.0,True
956,last,1,ghaw,microsoft/vscode-isort,216.0,same owner,16,487,1.0,True
957,first,1,ghaw,microsoft/vscode-pylint,206.0,same repo,1,68,0.088,False
963,last,1,ghaw,microsoft/vscode-black-formatter,213.0,same owner,21,735,0.946,True
969,last,1,ghaw,microsoft/vscode-black-formatter,214.0,same owner,35,1510,0.857,True
974,first,1,template,pulumi-labs/gh-aw-internal/.github/workflows/gh-aw-pr-rereview.md,,upstream template,5,165,1.0,True
975,first,1,template,pulumi-labs/gh-aw-internal/.github/workflows/gh-aw-pr-review.md,,upstream template,4,179,1.0,True
976,first,1,ghaw,microsoft/vscode-isort,216.0,same owner,16,485,1.0,True
978,last,1,ghaw,microsoft/vscode-isort,216.0,same owner,16,485,1.0,True
979,first,1,ghaw,microsoft/vscode-pylint,205.0,same owner,20,730,0.947,True
985,last,1,ghaw,microsoft/vscode-pylint,205.0,same owner,21,730,0.944,True
986,first,1,ghaw,microsoft/vscode-pylint,206.0,same owner,24,1021,0.787,True
990,last,1,ghaw,microsoft/vscode-pylint,206.0,same owner,35,1505,0.857,True
991,first,1,template,githubnext/agentics/workflows/repo-assist.md,,upstream template,32,1799,0.697,True
994,last,1,template,githubnext/agentics/workflows/repo-assist.md,,upstream template,32,1799,0.697,True
998,last,1,ghaw,microsoft/vscode-mypy,263.0,same owner,16,487,1.0,True
999,first,1,ghaw,microsoft/vscode-black-formatter,213.0,same owner,20,716,0.946,True
1005,last,1,ghaw,microsoft/vscode-black-formatter,213.0,same owner,21,716,0.943,True
1006,first,1,ghaw,microsoft/vscode-pylint,206.0,same owner,23,957,0.746,True
1010,last,1,ghaw,microsoft/vscode-black-formatter,214.0,same owner,35,1492,0.856,True
1013,first,1,template,githubnext/agentics/workflows/repo-assist.md,,upstream template,5,224,0.215,True
1017,last,1,template,githubnext/agentics/workflows/repo-assist.md,,upstream template,5,224,0.205,True
1019,first,1,ghaw,getindata/kedro-vertexai,222.0,same repo,2,45,0.149,True
1020,first,1,template,githubnext/agentics/workflows/daily-accessibility-review.md,,upstream template,7,378,1.0,True
1022,last,1,template,githubnext/agentics/workflows/daily-accessibility-review.md,,upstream template,6,190,1.0,True
1023,first,1,template,githubnext/agentics/workflows/agentic-wiki-writer.md,,upstream template,136,4350,1.0,True
1024,last,1,template,githubnext/agentics/workflows/agentic-wiki-writer.md,,upstream template,136,4350,1.0,True
1025,first,1,template,githubnext/agentics/workflows/code-simplifier.md,,upstream template,39,1154,0.987,True
1026,last,1,template,githubnext/agentics/workflows/code-simplifier.md,,upstream template,39,1154,0.987,True
1027,first,1,template,githubnext/agentics/workflows/discussion-task-miner.md,,upstream template,27,832,0.978,True
1028,last,1,template,githubnext/agentics/workflows/discussion-task-miner.md,,upstream template,27,832,0.978,True
1029,first,1,template,githubnext/agentics/workflows/daily-efficiency-improver.md,,upstream template,38,2102,0.726,True
1030,last,1,template,githubnext/agentics/workflows/daily-efficiency-improver.md,,upstream template,38,2102,0.726,True
1031,first,1,template,githubnext/agentics/workflows/large-file-simplifier.md,,upstream template,23,672,0.86,True
1032,last,1,template,githubnext/agentics/workflows/large-file-simplifier.md,,upstream template,23,672,0.86,True
1033,first,1,template,githubnext/agentics/workflows/daily-malicious-code-scan.md,,upstream template,37,1282,1.0,True
1034,last,1,template,githubnext/agentics/workflows/daily-malicious-code-scan.md,,upstream template,37,1282,1.0,True
1035,first,1,template,githubnext/agentics/workflows/daily-perf-improver.md,,upstream template,22,1277,0.579,True
1040,last,1,template,githubnext/agentics/workflows/daily-perf-improver.md,,upstream template,22,1277,0.579,True
1041,first,1,template,githubnext/agentics/workflows/pr-fix.md,,upstream template,10,266,0.967,True
1042,last,1,template,githubnext/agentics/workflows/pr-fix.md,,upstream template,10,266,0.967,True
1043,first,1,template,githubnext/agentics/workflows/repo-assist.md,,upstream template,34,2095,0.746,True
1045,last,1,template,githubnext/agentics/workflows/repo-assist.md,,upstream template,34,2095,0.746,True
1046,first,1,template,githubnext/agentics/workflows/repository-quality-improver.md,,upstream template,55,1656,1.0,True
1047,last,1,template,githubnext/agentics/workflows/repository-quality-improver.md,,upstream template,55,1656,1.0,True
1048,first,1,template,githubnext/agentics/workflows/sub-issue-closer.md,,upstream template,18,566,1.0,True
1049,last,1,template,githubnext/agentics/workflows/sub-issue-closer.md,,upstream template,18,566,1.0,True
1050,first,1,template,githubnext/agentics/workflows/daily-test-improver.md,,upstream template,24,1350,0.554,True
1055,last,1,template,githubnext/agentics/workflows/daily-test-improver.md,,upstream template,24,1350,0.554,True
1056,first,1,template,githubnext/agentics/workflows/unbloat-docs.md,,upstream template,37,1059,1.0,True
1057,last,1,template,githubnext/agentics/workflows/unbloat-docs.md,,upstream template,37,1059,1.0,True
1058,first,1,template,githubnext/agentics/workflows/agentic-researcher.md,,upstream template,6,141,1.0,True
1059,last,1,template,githubnext/agentics/workflows/agentic-researcher.md,,upstream template,6,141,1.0,True
1065,last,1,ghaw,microsoft/security-devops-action,240.0,same repo,1,14,0.052,False
1066,first,1,ghaw,microsoft/security-devops-action,239.0,same repo,1,15,0.029,False
1071,last,1,ghaw,microsoft/security-devops-action,239.0,same repo,1,15,0.013,False
1125,first,1,template,githubnext/agentics/workflows/daily-test-improver.md,,upstream template,30,1199,0.736,True
1132,last,1,template,githubnext/agentics/workflows/daily-test-improver.md,,upstream template,24,1352,0.554,True
1133,first,1,template,githubnext/agentics/workflows/repository-quality-improver.md,,upstream template,55,1656,1.0,True
1143,first,1,ghaw,microsoft/vscode-isort,216.0,same owner,17,486,1.0,True
1146,last,1,ghaw,microsoft/vscode-isort,216.0,same owner,16,487,1.0,True
1147,first,1,ghaw,microsoft/vscode-isort,217.0,same owner,20,712,0.946,True
1153,last,1,ghaw,microsoft/vscode-isort,217.0,same owner,21,712,0.943,True
1154,first,1,ghaw,microsoft/vscode-isort,218.0,same owner,24,1006,0.785,True
1158,last,1,ghaw,microsoft/vscode-isort,218.0,same owner,35,1490,0.856,True
1159,first,1,template,Alfresco/alfresco-build-tools/.github/workflows/supply-chain-review.md,,upstream template,74,2197,1.0,True
1163,last,1,template,Alfresco/alfresco-build-tools/.github/workflows/supply-chain-review.md,,upstream template,76,2304,1.0,True
1190,first,1,template,github/gh-aw/.github/workflows/code-simplifier.md,,upstream template,53,1490,0.99,True
1195,first,1,template,githubnext/agentics/workflows/daily-repo-status.md,,upstream template,4,93,1.0,True
1205,first,1,template,githubnext/agentics/workflows/agentic-triage.md,,upstream template,2,83,0.081,False
1212,last,1,template,githubnext/agentics/workflows/agentic-triage.md,,upstream template,1,42,0.039,False
1238,first,1,ghaw,dotnet/android,355.0,other owner,2,143,0.439,True
1242,first,1,template,githubnext/agentics/workflows/daily-repo-status.md,,upstream template,4,93,1.0,True
1249,first,1,ghaw,microsoft/aspire,298.0,same repo,1,13,0.011,False
1254,last,1,ghaw,microsoft/aspire,298.0,same repo,1,13,0.009,False
1267,last,1,ghaw,microsoft/aspire,298.0,same repo,1,60,0.01,False
1283,last,1,ghaw,dotnet/maui-labs,571.0,other owner,3,46,0.012,False
1284,first,1,ghaw,microsoft/aspire,299.0,same repo,3,67,0.058,False
1290,last,1,ghaw,microsoft/aspire,299.0,same repo,3,67,0.041,False
1290,last,2,ghaw,microsoft/aspire,296.0,same repo,1,52,0.032,False
1290,last,3,ghaw,microsoft/aspire,295.0,same repo,1,14,0.009,False
1295,last,1,ghaw,microsoft/aspire,298.0,same repo,3,59,0.048,False
1316,last,1,ghaw,fqfqgo/clash-verge-rev,596.0,other owner,21,820,0.46,True
1319,first,1,template,githubnext/agentics/workflows/ci-doctor.md,,upstream template,18,881,0.919,True
1326,last,1,template,githubnext/agentics/workflows/ci-doctor.md,,upstream template,24,1240,0.697,True
1326,last,2,ghaw,openvinotoolkit/openvino,69.0,same owner,1,82,0.046,False
1330,first,1,template,githubnext/agentics/workflows/ask.md,,upstream template,1,10,0.023,False
1332,last,1,template,githubnext/agentics/workflows/ask.md,,upstream template,1,10,0.024,False
1333,first,1,template,githubnext/agentics/workflows/daily-repo-status.md,,upstream template,4,93,1.0,True
1334,last,1,template,githubnext/agentics/workflows/daily-repo-status.md,,upstream template,4,93,1.0,True
1341,first,1,template,githubnext/agentics/workflows/daily-accessibility-review.md,,upstream template,5,155,0.534,True
1347,last,1,template,githubnext/agentics/workflows/daily-accessibility-review.md,,upstream template,5,155,0.534,True
1357,first,1,template,githubnext/agentics/workflows/daily-repo-status.md,,upstream template,4,93,1.0,True
1360,last,1,template,githubnext/agentics/workflows/daily-repo-status.md,,upstream template,4,93,1.0,True
1361,first,1,template,githubnext/agentics/workflows/daily-test-improver.md,,upstream template,24,1352,0.517,True
1366,last,1,template,githubnext/agentics/workflows/daily-test-improver.md,,upstream template,25,1502,0.511,True
1367,first,1,template,githubnext/agentics/workflows/duplicate-code-detector.md,,upstream template,26,960,1.0,True
1371,last,1,template,githubnext/agentics/workflows/duplicate-code-detector.md,,upstream template,26,960,1.0,True
1372,first,1,template,githubnext/agentics/workflows/agentic-triage.md,,upstream template,10,422,0.76,True
1375,last,1,template,githubnext/agentics/workflows/agentic-triage.md,,upstream template,10,422,0.76,True
1376,first,1,template,githubnext/agentics/workflows/pr-fix.md,,upstream template,9,249,0.582,True
1379,last,1,template,githubnext/agentics/workflows/pr-fix.md,,upstream template,9,249,0.582,True
1381,first,1,template,githubnext/agentics/workflows/vex-generator.md,,upstream template,1,9,0.012,False
1383,last,1,template,githubnext/agentics/workflows/vex-generator.md,,upstream template,1,9,0.011,False
1384,first,1,template,githubnext/agentics/workflows/daily-repo-status.md,,upstream template,4,93,1.0,True
1385,last,1,template,githubnext/agentics/workflows/daily-repo-status.md,,upstream template,4,93,1.0,True
1419,first,1,template,githubnext/agentics/workflows/repo-assist.md,,upstream template,9,624,0.367,True
1429,last,1,template,githubnext/agentics/workflows/repo-assist.md,,upstream template,7,617,0.145,True
1430,first,1,ghaw,fsprojects/fantomas,334.0,other owner,30,1227,0.396,True
1439,last,1,ghaw,fsprojects/fantomas,334.0,other owner,29,1165,0.344,True
1440,first,1,template,githubnext/agentics/workflows/repo-assist.md,,upstream template,32,1799,0.697,True
1451,last,1,template,githubnext/agentics/workflows/repo-assist.md,,upstream template,34,2095,0.746,True
1452,first,1,template,githubnext/agentics/workflows/repo-assist.md,,upstream template,29,1431,0.843,True
1480,last,1,template,githubnext/agentics/workflows/repo-assist.md,,upstream template,34,2095,0.746,True
1481,first,1,template,githubnext/agentics/workflows/repo-assist.md,,upstream template,28,1568,0.771,True
1510,last,1,ghaw,sergey-tihon/Clippit,160.0,other owner,31,1589,0.406,True
1510,last,2,ghaw,fable-compiler/Fable,331.0,other owner,6,173,0.044,False
1511,first,1,template,githubnext/agentics/workflows/repo-assist.md,,upstream template,41,3294,0.98,True
1542,last,1,template,githubnext/agentics/workflows/repo-assist.md,,upstream template,34,2095,0.746,True
1543,first,1,template,githubnext/agentics/workflows/repo-assist.md,,upstream template,32,1799,0.697,True
1544,first,1,template,githubnext/agentics/workflows/repo-assist.md,,upstream template,29,1431,0.87,True
1573,last,1,template,githubnext/agentics/workflows/repo-assist.md,,upstream template,34,2095,0.746,True
1574,first,1,template,githubnext/agentics/workflows/q.md,,upstream template,58,1557,1.0,True
1575,first,1,template,githubnext/agentics/workflows/repo-assist.md,,upstream template,24,1405,0.644,True
1600,last,1,template,githubnext/agentics/workflows/repo-assist.md,,upstream template,34,2095,0.746,True
1601,first,1,template,githubnext/agentics/workflows/repo-assist.md,,upstream template,32,1799,0.697,True
1624,last,1,template,githubnext/agentics/workflows/repo-assist.md,,upstream template,34,2095,0.746,True
1625,first,1,template,githubnext/agentics/workflows/repo-assist.md,,upstream template,32,1799,0.697,True
1643,last,1,template,githubnext/agentics/workflows/repo-assist.md,,upstream template,34,2095,0.746,True
1644,first,1,template,githubnext/agentics/workflows/repo-assist.md,,upstream template,31,1761,0.693,True
1659,last,1,template,githubnext/agentics/workflows/repo-assist.md,,upstream template,34,2095,0.746,True
1660,first,1,template,githubnext/agentics/workflows/repo-assist.md,,upstream template,32,1799,0.697,True
1672,last,1,template,githubnext/agentics/workflows/repo-assist.md,,upstream template,34,2095,0.746,True
1673,first,1,template,githubnext/agentics/workflows/repo-assist.md,,upstream template,40,2904,0.98,True
1710,last,1,template,githubnext/agentics/workflows/repo-assist.md,,upstream template,34,2095,0.746,True
1711,first,1,ghaw,fsprojects/fantomas,334.0,other owner,25,952,0.307,True
1712,last,1,ghaw,fsprojects/fantomas,334.0,other owner,25,952,0.307,True
1712,last,2,ghaw,ReactiveX/RxPY,58.0,other owner,1,13,0.004,False
1713,first,1,template,githubnext/agentics/workflows/repo-assist.md,,upstream template,31,1761,0.693,True
1731,last,1,template,githubnext/agentics/workflows/repo-assist.md,,upstream template,34,2095,0.746,True
1744,last,1,ghaw,opsmill/infrahub,350.0,same repo,1,77,0.116,False
1764,last,1,ghaw,opsmill/infrahub,350.0,same repo,2,110,0.086,False
1779,last,1,ghaw,opsmill/infrahub,348.0,same repo,2,105,0.123,True
1800,last,1,ghaw,opsmill/infrahub,348.0,same repo,2,124,0.091,False
1806,first,1,ghaw,dotnet/android,355.0,same owner,1,86,0.372,False
1813,last,1,ghaw,dotnet/android,355.0,same owner,1,86,0.372,False
1825,last,1,ghaw,dotnet/android-tools,357.0,same owner,2,128,0.522,True
1834,first,1,ghaw,dotnet/android,355.0,same owner,3,222,1.0,True
1839,last,1,ghaw,dotnet/android,355.0,same owner,3,247,1.0,True
1840,first,1,template,githubnext/agentics/workflows/daily-repo-status.md,,upstream template,4,93,1.0,True
1841,last,1,template,githubnext/agentics/workflows/daily-repo-status.md,,upstream template,4,103,1.0,True
1842,first,1,template,githubnext/agentics/workflows/daily-repo-status.md,,upstream template,4,93,1.0,True
1894,first,1,ghaw,carlkidcrypto/ezsnmp,368.0,same repo,1,20,0.049,False
1899,last,1,ghaw,carlkidcrypto/ezsnmp,368.0,same repo,1,20,0.046,False
1904,last,1,ghaw,carlkidcrypto/ezsnmp,367.0,same repo,1,20,0.121,False
1921,first,1,ghaw,fedixyz/fedi,371.0,same repo,1,48,0.054,False
1924,last,1,ghaw,fedixyz/fedi,371.0,same repo,1,48,0.048,False
1926,first,1,template,githubnext/agentics/workflows/contribution-guidelines-checker.md,,upstream template,10,336,0.926,True
1931,last,1,template,githubnext/agentics/workflows/contribution-guidelines-checker.md,,upstream template,6,182,0.455,True
1932,first,1,ghaw,foxminchan/BookWorm,376.0,same repo,1,11,0.016,False
1944,last,1,ghaw,foxminchan/BookWorm,377.0,same repo,3,89,0.253,True
1945,first,1,ghaw,foxminchan/BookWorm,376.0,same repo,7,291,0.39,True
1953,last,1,ghaw,foxminchan/BookWorm,376.0,same repo,3,97,0.16,True
1955,first,1,ghaw,ohcnetwork/care_fe,378.0,same repo,1,23,0.027,False
1957,first,1,ghaw,IgniteUI/igniteui-docfx,105.0,same owner,20,401,0.476,True
1964,last,1,ghaw,IgniteUI/igniteui-docfx,105.0,same owner,18,324,0.286,True
1965,first,1,template,github/gh-aw/.github/workflows/code-simplifier.md,,upstream template,53,1490,0.99,True
1973,first,1,template,githubnext/agentics/workflows/repo-assist.md,,upstream template,34,2095,0.746,True
1975,last,1,template,githubnext/agentics/workflows/repo-assist.md,,upstream template,34,2095,0.746,True
2013,first,1,template,githubnext/agentics/workflows/repo-assist.md,,upstream template,34,2095,0.746,True
2016,last,1,template,githubnext/agentics/workflows/repo-assist.md,,upstream template,34,2095,0.746,True
2036,first,1,ghaw,dotnet/android,355.0,same owner,3,246,1.0,True
2041,last,1,ghaw,dotnet/android,355.0,same owner,2,136,0.564,True
2050,first,1,template,githubnext/agentics/workflows/agentic-triage.md,,upstream template,8,467,0.777,True
2051,last,1,template,githubnext/agentics/workflows/agentic-triage.md,,upstream template,8,467,0.777,True
2052,first,1,ghaw,github/awesome-copilot,411.0,same repo,3,28,0.029,False
2052,first,2,ghaw,microsoft/vscode-isort,216.0,other owner,1,17,0.018,False
2055,last,1,ghaw,github/awesome-copilot,411.0,same repo,3,28,0.028,False
2062,first,1,ghaw,github/awesome-copilot,413.0,same repo,1,20,0.031,False
2064,first,1,ghaw,DevExpGbb/gh-devlake,563.0,other owner,1,8,0.018,False
2068,last,1,ghaw,github/awesome-copilot,408.0,same repo,3,26,0.052,False
2069,first,1,ghaw,github/awesome-copilot,410.0,same repo,6,211,0.332,True
2069,first,2,ghaw,jurre/huebar,537.0,other owner,1,12,0.019,False
2071,last,1,ghaw,github/awesome-copilot,410.0,same repo,6,211,0.332,True
2071,last,2,ghaw,jurre/huebar,537.0,other owner,1,12,0.019,False
2073,last,1,ghaw,github/awesome-copilot,410.0,same repo,1,28,0.034,False
2078,first,1,ghaw,microsoft/wassette,419.0,same repo,1,62,0.066,False
2079,last,1,ghaw,microsoft/wassette,419.0,same repo,1,62,0.066,False
2081,first,1,template,githubnext/agentics/workflows/ci-doctor.md,,upstream template,2,108,0.141,True
2082,first,1,template,githubnext/agentics/workflows/agentic-triage.md,,upstream template,9,317,0.922,True
2083,last,1,template,githubnext/agentics/workflows/agentic-triage.md,,upstream template,8,305,0.919,True
2085,first,1,template,githubnext/agentics/workflows/agentic-triage.md,,upstream template,3,120,0.308,True
2086,last,1,template,githubnext/agentics/workflows/agentic-triage.md,,upstream template,3,120,0.308,True
2087,first,1,template,githubnext/agentics/workflows/ci-doctor.md,,upstream template,2,62,0.049,False
2089,first,1,template,githubnext/agentics/workflows/daily-test-improver.md,,upstream template,24,1202,0.793,True
2090,first,1,template,githubnext/agentics/workflows/agentic-triage.md,,upstream template,11,507,0.949,True
2091,last,1,template,githubnext/agentics/workflows/agentic-triage.md,,upstream template,11,511,0.95,True
2111,last,1,ghaw,mono/SkiaSharp,14.0,other owner,1,8,0.014,False
2112,first,1,template,githubnext/agentics/workflows/daily-perf-improver.md,,upstream template,1,9,0.012,False
2118,last,1,template,githubnext/agentics/workflows/daily-perf-improver.md,,upstream template,1,9,0.01,False
2124,last,1,template,githubnext/agentics/workflows/link-checker.md,,upstream template,19,655,1.0,True
2125,first,1,template,githubnext/agentics/workflows/maintainer.md,,upstream template,7,369,1.0,True
2136,last,1,template,githubnext/agentics/workflows/maintainer.md,,upstream template,7,387,0.862,True
2137,first,1,ghaw,Azure/azure-sdk-for-net,54.0,other owner,1,8,0.008,False
2138,last,1,ghaw,Azure/azure-sdk-for-net,54.0,other owner,1,8,0.008,False
2139,first,1,template,github/gh-aw/.github/workflows/code-simplifier.md,,upstream template,53,1490,0.99,True
2140,last,1,template,github/gh-aw/.github/workflows/code-simplifier.md,,upstream template,53,1490,0.99,True
2141,first,1,template,github/gh-aw/.github/workflows/daily-doc-updater.md,,upstream template,31,1026,0.953,True
2145,last,1,template,github/gh-aw/.github/workflows/daily-doc-updater.md,,upstream template,47,2002,1.0,True
2146,first,1,template,githubnext/agentics/workflows/daily-repo-status.md,,upstream template,4,93,1.0,True
2151,last,1,template,githubnext/agentics/workflows/daily-repo-status.md,,upstream template,3,65,0.528,True
2154,last,1,ghaw,tosin2013/mcp-adr-analysis-server,447.0,same repo,5,135,0.276,True
2161,last,1,ghaw,tosin2013/mcp-adr-analysis-server,446.0,same repo,4,105,0.166,True
2166,last,1,ghaw,tosin2013/mcp-adr-analysis-server,448.0,same repo,1,9,0.012,False
2167,first,1,ghaw,tosin2013/mcp-adr-analysis-server,448.0,same repo,1,9,0.012,False
2170,last,1,ghaw,tosin2013/mcp-adr-analysis-server,448.0,same repo,1,9,0.009,False
2175,last,1,ghaw,tosin2013/mcp-adr-analysis-server,442.0,same repo,4,105,0.189,True
2179,last,1,ghaw,tosin2013/mcp-adr-analysis-server,438.0,same repo,5,132,0.317,True
2183,last,1,ghaw,tosin2013/mcp-adr-analysis-server,444.0,same repo,1,9,0.018,False
2183,last,2,ghaw,tosin2013/mcp-adr-analysis-server,443.0,same repo,1,8,0.016,False
2186,first,1,template,githubnext/agentics/workflows/daily-team-status.md,,upstream template,4,82,1.0,True
2190,last,1,template,githubnext/agentics/workflows/daily-team-status.md,,upstream template,4,82,1.0,True
2191,first,1,template,githubnext/agentics/workflows/daily-team-status.md,,upstream template,4,82,1.0,True
2193,last,1,template,githubnext/agentics/workflows/daily-team-status.md,,upstream template,4,82,1.0,True
2200,last,1,ghaw,cncf/contribute-site,466.0,other owner,7,220,0.294,True
2221,last,1,ghaw,kubestellar/docs,453.0,same repo,3,35,0.057,False
2244,first,1,template,github/gh-aw/.github/workflows/code-simplifier.md,,upstream template,52,1484,0.937,True
2248,last,1,template,github/gh-aw/.github/workflows/code-simplifier.md,,upstream template,45,1254,0.491,True
2248,last,2,template,githubnext/agentics/workflows/code-simplifier.md,,upstream template,1,50,0.02,False
2248,last,3,ghaw,YousefHadder/markdown-plus.nvim,464.0,same repo,1,13,0.005,False
2249,first,1,ghaw,microsoft/apm,469.0,other owner,1,30,0.027,False
2251,last,1,ghaw,microsoft/apm,469.0,other owner,1,30,0.026,False
2257,first,1,template,github/gh-aw/.github/workflows/daily-doc-updater.md,,upstream template,19,628,0.729,True
2260,last,1,template,github/gh-aw/.github/workflows/daily-doc-updater.md,,upstream template,31,1544,0.71,True
2261,first,1,template,github/gh-aw/.github/workflows/daily-file-diet.md,,upstream template,14,305,0.25,True
2265,last,1,template,github/gh-aw/.github/workflows/daily-file-diet.md,,upstream template,14,305,0.25,True
2265,last,2,ghaw,YousefHadder/markdown-plus.nvim,460.0,same repo,1,21,0.017,False
2266,first,1,template,github/gh-aw/.github/workflows/daily-doc-updater.md,,upstream template,1,11,0.021,False
2267,last,1,template,github/gh-aw/.github/workflows/daily-doc-updater.md,,upstream template,1,11,0.016,False
2268,first,1,ghaw,kubestellar/docs,453.0,other owner,9,266,0.309,True
2277,last,1,ghaw,kubestellar/docs,453.0,other owner,7,252,0.214,True
2286,first,1,ghaw,royshil/obs-backgroundremoval,150.0,other owner,8,265,1.0,True
2289,first,1,template,githubnext/agentics/workflows/daily-doc-updater.md,,upstream template,25,735,1.0,True
2291,last,1,template,githubnext/agentics/workflows/daily-doc-updater.md,,upstream template,25,735,1.0,True
2292,first,1,ghaw,microsoft/apm,472.0,same repo,3,106,0.352,True
2316,first,1,template,githubnext/agentics/workflows/repo-assist.md,,upstream template,25,1533,0.664,True
2317,last,1,template,githubnext/agentics/workflows/repo-assist.md,,upstream template,25,1533,0.664,True
2318,first,1,template,githubnext/agentics/workflows/starlight-scribe.md,,upstream template,15,411,0.901,True
2320,last,1,template,githubnext/agentics/workflows/starlight-scribe.md,,upstream template,14,404,0.672,True
2323,first,1,template,githubnext/agentics/workflows/code-simplifier.md,,upstream template,34,992,0.799,True
2331,last,1,template,githubnext/agentics/workflows/code-simplifier.md,,upstream template,25,789,0.602,True
2348,first,1,template,githubnext/agentics/workflows/agentic-triage.md,,upstream template,8,408,0.785,True
2353,last,1,ghaw,Kong/kongctl,482.0,same repo,13,643,1.0,True
2370,first,1,template,githubnext/agentics/workflows/agentic-triage.md,,upstream template,8,408,0.785,True
2379,last,1,ghaw,Kong/kongctl,480.0,same repo,13,631,1.0,True
2380,first,1,template,githubnext/agentics/workflows/daily-repo-status.md,,upstream template,3,80,0.86,True
2380,first,2,template,githubnext/agentics/workflows/daily-team-status.md,,upstream template,1,13,0.14,False
2384,last,1,ghaw,lrascao/rebar3_gpb_plugin,322.0,other owner,4,93,0.5,True
2385,first,1,template,githubnext/agentics/workflows/repo-assist.md,,upstream template,32,1799,0.697,True
2386,first,1,template,githubnext/agentics/workflows/repo-assist.md,,upstream template,32,1799,0.697,True
2387,last,1,template,githubnext/agentics/workflows/repo-assist.md,,upstream template,32,1799,0.697,True
2388,first,1,template,githubnext/agentics/workflows/daily-repo-status.md,,upstream template,4,93,1.0,True
2389,first,1,template,githubnext/agentics/workflows/daily-repo-status.md,,upstream template,4,93,1.0,True
2392,first,1,template,github/gh-aw/.github/workflows/issue-triage-agent.md,,upstream template,9,199,1.0,True
2393,last,1,template,github/gh-aw/.github/workflows/issue-triage-agent.md,,upstream template,9,199,1.0,True
2404,first,1,ghaw,github/copilot-sdk,498.0,same repo,1,19,0.031,False
2404,first,2,template,githubnext/agentics/workflows/draft-pr-cleanup.md,,upstream template,1,8,0.013,False
2413,last,1,ghaw,github/copilot-sdk,498.0,same repo,1,19,0.036,False
2413,last,2,template,githubnext/agentics/workflows/draft-pr-cleanup.md,,upstream template,1,8,0.015,False
2422,first,1,ghaw,github/copilot-sdk,498.0,same repo,1,19,0.024,False
2427,last,1,ghaw,github/copilot-sdk,492.0,same repo,1,19,0.05,False
2428,first,1,ghaw,github/copilot-sdk,500.0,same repo,2,24,0.049,False
2429,last,1,ghaw,github/copilot-sdk,500.0,same repo,2,21,0.045,False
2442,first,1,template,github/gh-aw/.github/workflows/issue-triage-agent.md,,upstream template,10,337,1.0,True
2444,last,1,template,github/gh-aw/.github/workflows/issue-triage-agent.md,,upstream template,2,55,0.556,True
2453,last,1,ghaw,neverinfamous/memory-journal-mcp,506.0,same repo,3,116,0.241,True
2454,first,1,ghaw,neverinfamous/memory-journal-mcp,505.0,same repo,4,162,0.438,True
2455,last,1,ghaw,neverinfamous/memory-journal-mcp,505.0,same repo,4,162,0.438,True
2473,first,1,template,githubnext/agentics/workflows/daily-qa.md,,upstream template,4,101,0.371,True
2476,last,1,template,githubnext/agentics/workflows/daily-qa.md,,upstream template,4,101,0.367,True
2477,first,1,template,githubnext/agentics/workflows/daily-test-improver.md,,upstream template,2,30,0.082,False
2479,last,1,template,githubnext/agentics/workflows/daily-test-improver.md,,upstream template,2,30,0.081,False
2480,first,1,template,githubnext/agentics/workflows/agentic-triage.md,,upstream template,11,511,0.95,True
2492,last,1,ghaw,prowler-cloud/prowler,203.0,other owner,1,11,0.024,False
2493,first,1,template,githubnext/agentics/workflows/daily-repo-status.md,,upstream template,4,93,1.0,True
2498,last,1,template,githubnext/agentics/workflows/daily-repo-status.md,,upstream template,3,65,0.258,True
2501,first,1,template,githubnext/agentics/workflows/daily-repo-status.md,,upstream template,4,93,1.0,True
2504,first,1,template,githubnext/agentics/workflows/repo-assist.md,,upstream template,32,1799,0.697,True
2505,first,1,template,github/gh-aw/.github/workflows/code-simplifier.md,,upstream template,51,1419,0.99,True
2507,last,1,template,github/gh-aw/.github/workflows/code-simplifier.md,,upstream template,51,1413,0.989,True
2508,first,1,template,github/gh-aw/.github/workflows/duplicate-code-detector.md,,upstream template,29,1117,1.0,True
2511,last,1,template,github/gh-aw/.github/workflows/duplicate-code-detector.md,,upstream template,29,1087,1.0,True
2513,last,1,ghaw,intent-integrity-chain/kit,527.0,same repo,14,1068,0.937,True
2515,last,1,ghaw,intent-integrity-chain/kit,526.0,same repo,14,1162,0.81,True
2529,last,1,ghaw,PureWeen/PolyPilot,532.0,same repo,2,54,0.047,False
2547,first,1,ghaw,PureWeen/PolyPilot,529.0,same repo,2,40,0.071,False
2551,last,1,ghaw,PureWeen/PolyPilot,529.0,same repo,2,40,0.053,False
2569,first,1,ghaw,PureWeen/PolyPilot,534.0,same repo,1,26,0.035,False
2569,first,2,ghaw,kubestellar/docs,456.0,other owner,1,12,0.016,False
2570,last,1,ghaw,PureWeen/PolyPilot,534.0,same repo,1,26,0.035,False
2570,last,2,ghaw,kubestellar/docs,456.0,other owner,1,12,0.016,False
2571,first,1,ghaw,elastic/opentelemetry-collector-components,405.0,other owner,1,11,0.025,False
2573,first,1,template,githubnext/agentics/workflows/repo-assist.md,,upstream template,34,2095,0.746,True
2576,last,1,template,githubnext/agentics/workflows/repo-assist.md,,upstream template,34,2095,0.746,True
2577,first,1,template,githubnext/agentics/workflows/ci-doctor.md,,upstream template,24,914,1.0,True
2579,last,1,template,githubnext/agentics/workflows/ci-doctor.md,,upstream template,24,914,1.0,True
2580,first,1,template,githubnext/agentics/workflows/daily-qa.md,,upstream template,11,424,0.904,True
2581,last,1,template,githubnext/agentics/workflows/daily-qa.md,,upstream template,11,424,0.904,True
2583,first,1,template,githubnext/agentics/workflows/agentic-triage.md,,upstream template,11,510,0.95,True
2590,first,1,template,githubnext/agentics/workflows/ci-doctor.md,,upstream template,17,757,0.744,True
2591,last,1,template,githubnext/agentics/workflows/ci-doctor.md,,upstream template,17,757,0.744,True
2591,last,2,ghaw,microsoft/agentrc,547.0,same repo,1,17,0.017,False
2592,first,1,template,github/gh-aw/.github/workflows/code-simplifier.md,,upstream template,23,606,0.625,True
2592,first,2,template,githubnext/agentics/workflows/code-simplifier.md,,upstream template,1,29,0.03,False
2593,last,1,ghaw,storybookjs/storybook,83.0,other owner,25,641,0.661,True
2593,last,2,template,githubnext/agentics/workflows/code-simplifier.md,,upstream template,1,29,0.03,False
2594,first,1,template,githubnext/agentics/workflows/daily-doc-updater.md,,upstream template,15,443,0.559,True
2596,last,1,template,githubnext/agentics/workflows/daily-doc-updater.md,,upstream template,15,443,0.536,True
2596,last,2,ghaw,microsoft/agentrc,545.0,same repo,1,17,0.021,False
2611,first,1,ghaw,elastic/elastic-docs-skills,553.0,same repo,2,114,0.257,True
2613,last,1,ghaw,elastic/elastic-docs-skills,554.0,same repo,3,146,0.302,True
2624,last,1,ghaw,elastic/elastic-docs-skills,554.0,same repo,2,114,0.193,True
2625,first,1,ghaw,elastic/elastic-docs-skills,553.0,same repo,2,114,0.195,True
2628,last,1,ghaw,elastic/elastic-docs-skills,552.0,same repo,3,146,0.228,True
2629,first,1,template,githubnext/agentics/workflows/daily-repo-status.md,,upstream template,4,93,1.0,True
2630,first,1,template,githubnext/agentics/workflows/starlight-scribe.md,,upstream template,15,411,0.901,True
2678,first,1,ghaw,microsoft/aspire,297.0,other owner,3,63,0.092,False
2684,last,1,ghaw,microsoft/aspire,297.0,other owner,2,26,0.039,False
2689,first,1,ghaw,dotnet/msbuild,49.0,same owner,9,653,1.0,True
2695,last,1,ghaw,dotnet/msbuild,49.0,same owner,9,653,1.0,True
2716,last,1,ghaw,dotnet/skills,576.0,same repo,1,20,0.006,False
2734,last,1,ghaw,dotnet/skills,575.0,same repo,1,20,0.007,False
2734,last,2,ghaw,dotnet/machinelearning,29.0,same owner,1,9,0.003,False
2760,first,1,template,githubnext/agentics/workflows/markdown-linter.md,,upstream template,11,256,0.889,True
2763,last,1,template,githubnext/agentics/workflows/markdown-linter.md,,upstream template,11,256,0.889,True
2772,first,1,template,githubnext/agentics/workflows/autoloop.md,,upstream template,14,482,0.108,True
2779,last,1,template,githubnext/agentics/workflows/autoloop.md,,upstream template,8,300,0.067,False
2782,first,1,template,githubnext/agentics/workflows/daily-repo-status.md,,upstream template,4,93,1.0,True
2783,last,1,template,githubnext/agentics/workflows/daily-repo-status.md,,upstream template,4,93,1.0,True
2786,first,1,template,github/gh-aw/.github/workflows/issue-triage-agent.md,,upstream template,10,337,1.0,True
2788,last,1,template,github/gh-aw/.github/workflows/issue-triage-agent.md,,upstream template,10,337,1.0,True
2809,last,1,ghaw,clash-verge-rev/clash-verge-rev,302.0,other owner,23,996,1.0,True
2810,first,1,template,githubnext/agentics/workflows/agentic-triage.md,,upstream template,17,638,0.705,True
2812,last,1,template,githubnext/agentics/workflows/agentic-triage.md,,upstream template,17,638,0.705,True
