history_a,history_b,repo_a,repo_b,file_a,file_b,embedding_cos,word_cos,skeleton_a,skeleton_b,scope,band,at_placeholder
80,85,microsoft/pxt-arcade,microsoft/pxt,documentation.md,documentation.md,0.8939,0.2305,False,False,same owner,q50,True
212,364,microsoft/vscode-black-formatter,carlkidcrypto/ezsnmp,check-python-versions.md,python_version_watcher.md,0.791,0.1578,False,False,other owner,q25,False
204,364,microsoft/vscode-pylint,carlkidcrypto/ezsnmp,check-python-versions.md,python_version_watcher.md,0.7848,0.1842,False,False,other owner,q25,False
216,364,microsoft/vscode-isort,carlkidcrypto/ezsnmp,check-python-versions.md,python_version_watcher.md,0.7848,0.1842,False,False,other owner,q25,False
364,263,carlkidcrypto/ezsnmp,microsoft/vscode-mypy,python_version_watcher.md,check-python-versions.md,0.7848,0.1842,False,False,other owner,q25,False
229,464,baizhiheizi/quill,YousefHadder/markdown-plus.nvim,large-file-simplifier.md,daily-file-diet.md,0.7454,0.2581,False,False,other owner,q10,False
80,436,microsoft/pxt-arcade,fideus-labs/ngff-zarr,documentation.md,daily-doc-updater.md,0.744,0.1058,False,False,other owner,q10,False
436,85,fideus-labs/ngff-zarr,microsoft/pxt,daily-doc-updater.md,documentation.md,0.7409,0.1114,False,False,other owner,q10,False
80,470,microsoft/pxt-arcade,microsoft/apm,documentation.md,daily-doc-updater.md,0.7322,0.1155,False,False,same owner,q10,False
85,470,microsoft/pxt,microsoft/apm,documentation.md,daily-doc-updater.md,0.7173,0.124,False,False,same owner,q10,False
30,28,dotnet/machinelearning,dotnet/machinelearning,repo-health-investigate.md,repo-health-check.md,0.7161,0.1989,False,False,same repo,q10,False
431,430,githubnext/agentics,githubnext/agentics,import-workflow.md,daily-workflow-sync.md,0.7151,0.097,False,False,same repo,q10,False
370,436,Azure/typespec-azure,fideus-labs/ngff-zarr,docs-sync.md,daily-doc-updater.md,0.7123,0.1353,True,False,other owner,q10,False
324,101,dotnet/fsharp,Azure/azure-sdk-for-js,aw-auto-update.md,upgrade-agentic-workflows.md,0.701,0.1191,False,False,other owner,q10,False
85,455,microsoft/pxt,kubestellar/docs,documentation.md,technical-doc-writer.md,0.6965,0.1085,False,False,other owner,q10,False
455,470,kubestellar/docs,microsoft/apm,technical-doc-writer.md,daily-doc-updater.md,0.6935,0.1257,False,False,other owner,q10,False
370,85,Azure/typespec-azure,microsoft/pxt,docs-sync.md,documentation.md,0.6905,0.0946,True,False,other owner,q10,False
17,20,dotnet/maui,dotnet/maui,ci-status-fix-net11.md,ci-status-net11.md,0.6876,0.1636,False,False,same repo,q10,False
561,562,FalkorDB/falkordb-rs-next-gen,FalkorDB/falkordb-rs-next-gen,flow-migration-rca.md,flow-tests-migration.md,0.6853,0.1496,False,False,same repo,q10,False
436,455,fideus-labs/ngff-zarr,kubestellar/docs,daily-doc-updater.md,technical-doc-writer.md,0.6852,0.1393,False,False,other owner,q10,False
436,297,fideus-labs/ngff-zarr,microsoft/aspire,daily-doc-updater.md,pr-docs-check.md,0.6844,0.1264,False,False,other owner,q10,False
402,557,ZSWatch/ZSWatch,hatch3r/hatch3r,docs-pr-analyze.md,generate-docusaurus-docs.md,0.6841,0.0885,False,False,other owner,q10,False
183,176,elastic/terraform-provider-elasticstack,elastic/terraform-provider-elasticstack,openspec-verify-label.md,change-factory-issue.md,0.6827,0.1266,False,False,same repo,q10,False
433,101,githubnext/agentics,Azure/azure-sdk-for-js,maintainer.md,upgrade-agentic-workflows.md,0.677,0.1271,False,False,other owner,q10,False
287,549,unipept/unipept,asizikov-demos/copilot-user-level-statistics-viewer,dependency-update.md,dependency-audit.md,0.669,0.0645,False,False,other owner,q10,False
370,470,Azure/typespec-azure,microsoft/apm,docs-sync.md,daily-doc-updater.md,0.6683,0.1261,True,False,other owner,q10,False
18,20,dotnet/maui,dotnet/maui,ci-status-fix.md,ci-status-net11.md,0.6678,0.1576,False,False,same repo,q10,False
18,19,dotnet/maui,dotnet/maui,ci-status-fix.md,ci-status-main.md,0.6677,0.1566,False,False,same repo,q10,False
180,560,elastic/terraform-provider-elasticstack,FalkorDB/falkordb-rs-next-gen,flaky-test-catcher.md,flaky-test-rca.md,0.6645,0.0695,False,False,other owner,q10,False
72,74,dotnet/runtime,dotnet/runtime,ci-failure-fix.md,ci-failure-scan.md,0.6613,0.1803,False,False,same repo,q10,False
80,455,microsoft/pxt-arcade,kubestellar/docs,documentation.md,technical-doc-writer.md,0.661,0.0998,False,False,other owner,q10,False
126,127,pulumi/pulumi-kubernetes-operator,pulumi/pulumi-kubernetes-operator,kubernetes-operator-pr-rereview.md,kubernetes-operator-pr-review.md,0.6607,0.2539,False,False,same repo,q10,False
9,201,executeautomation/ExecuteAutomationWebApp,guitarrapc/githubactions-lab,daily-repo-status.md,monthly-oss-repo-status.md,0.6602,0.1968,False,False,other owner,q10,False
201,322,guitarrapc/githubactions-lab,lrascao/rebar3_gpb_plugin,monthly-oss-repo-status.md,daily-repo-status.md,0.6602,0.1968,False,False,other owner,q10,False
2,201,apache/cloudstack,guitarrapc/githubactions-lab,daily-repo-status.md,monthly-oss-repo-status.md,0.6602,0.1968,False,False,other owner,q10,False
201,280,guitarrapc/githubactions-lab,Azure/LogicAppsUX,monthly-oss-repo-status.md,daily-repo-status.md,0.6602,0.1968,False,False,other owner,q10,False
201,310,guitarrapc/githubactions-lab,KunalSin9h/meltcd,monthly-oss-repo-status.md,daily-repo-status.md,0.6602,0.1968,False,False,other owner,q10,False
201,437,guitarrapc/githubactions-lab,fideus-labs/ngff-zarr,monthly-oss-repo-status.md,daily-repo-status.md,0.6602,0.1968,False,False,other owner,q10,False
201,294,guitarrapc/githubactions-lab,microsoft/aspire,monthly-oss-repo-status.md,daily-repo-status.md,0.6602,0.1968,False,False,other owner,q10,False
201,487,guitarrapc/githubactions-lab,hemanth/mcp-web-client,monthly-oss-repo-status.md,daily-repo-status.md,0.6602,0.1968,False,False,other owner,q10,False
201,107,guitarrapc/githubactions-lab,microsoft/Web-Dev-For-Beginners,monthly-oss-repo-status.md,daily-repo-status.md,0.6602,0.1968,False,False,other owner,q10,False
201,486,guitarrapc/githubactions-lab,mcpc-tech/dev-inspector-mcp,monthly-oss-repo-status.md,daily-repo-status.md,0.6602,0.1968,False,False,other owner,q10,False
201,555,guitarrapc/githubactions-lab,AndreaGriffiths11/IssueCrush,monthly-oss-repo-status.md,daily-repo-status.md,0.6602,0.1968,False,False,other owner,q10,False
200,201,r12f/rnp,guitarrapc/githubactions-lab,daily-repo-status.md,monthly-oss-repo-status.md,0.6602,0.1968,False,False,other owner,q10,False
201,585,guitarrapc/githubactions-lab,Azure/git-ape,monthly-oss-repo-status.md,daily-repo-status.md,0.6602,0.1968,False,False,other owner,q10,False
23,201,dotnet/maui,guitarrapc/githubactions-lab,daily-repo-status.md,monthly-oss-repo-status.md,0.6602,0.1968,False,False,other owner,q10,False
201,7,guitarrapc/githubactions-lab,duckduckgo/Android,monthly-oss-repo-status.md,daily-repo-status.md,0.6602,0.1968,False,False,other owner,q10,False
161,162,microsoft/gctoolkit,microsoft/gctoolkit,relevance-check.md,relevance-summary.md,0.6588,0.1957,False,False,same repo,q10,False
17,19,dotnet/maui,dotnet/maui,ci-status-fix-net11.md,ci-status-main.md,0.6586,0.1534,False,False,same repo,q10,False
85,297,microsoft/pxt,microsoft/aspire,documentation.md,pr-docs-check.md,0.6575,0.1204,False,False,same owner,q10,False
547,563,microsoft/agentrc,DevExpGbb/gh-devlake,daily-doc-updater.md,docs-sync.md,0.6567,0.0842,False,False,other owner,q10,False
201,517,guitarrapc/githubactions-lab,microsoft/GitHub-Copilot-for-Azure,monthly-oss-repo-status.md,weekly-repo-status.md,0.6564,0.1953,False,False,other owner,q10,False
201,520,guitarrapc/githubactions-lab,influxdata/docs-v2,monthly-oss-repo-status.md,weekly-repo-status.md,0.6564,0.1953,False,False,other owner,q10,False
201,359,guitarrapc/githubactions-lab,timrogers/iata-code-decoder-api,monthly-oss-repo-status.md,daily-repo-status.md,0.656,0.1986,False,False,other owner,q10,False
50,325,dotnet/msbuild,dotnet/fsharp,flaky-test-detector.agent.md,labelops-flake-fix.md,0.6557,0.0843,False,False,same owner,q10,False
370,57,Azure/typespec-azure,OpenMS/OpenMS,docs-sync.md,doc-sync.md,0.6551,0.1382,True,False,other owner,q10,False
563,557,DevExpGbb/gh-devlake,hatch3r/hatch3r,docs-sync.md,generate-docusaurus-docs.md,0.6527,0.0567,False,False,other owner,q10,False
158,96,Azure/azure-sdk-for-go,Azure/azure-sdk-for-js,mgmt-review.md,mgmt-guidance.md,0.6511,0.1694,False,False,same owner,q10,False
201,315,guitarrapc/githubactions-lab,rancher/dashboard,monthly-oss-repo-status.md,daily-repo-status.md,0.6501,0.1954,False,False,other owner,q10,False
239,545,microsoft/security-devops-action,microsoft/agentrc,ci-doctor.md,ci-doctor.md,0.6494,0.1238,False,False,same owner,q10,False
38,453,microsoft/vstest,kubestellar/docs,http-link-checker.md,link-checker.md,0.6487,0.1055,False,False,other owner,q10,False
432,453,githubnext/agentics,kubestellar/docs,link-checker.md,link-checker.md,0.6487,0.0999,False,False,other owner,q10,False
45,329,microsoft/vstest,dotnet/fsharp,pr-iteration.md,regression-pr-shepherd.md,0.6474,0.1189,False,False,other owner,q10,False
370,80,Azure/typespec-azure,microsoft/pxt-arcade,docs-sync.md,documentation.md,0.6462,0.0724,True,False,other owner,q10,False
201,358,guitarrapc/githubactions-lab,erigontech/erigon,monthly-oss-repo-status.md,daily-repo-status.md,0.6452,0.1925,False,False,other owner,q10,False
297,470,microsoft/aspire,microsoft/apm,pr-docs-check.md,daily-doc-updater.md,0.6418,0.1155,False,False,same owner,q10,False
420,239,microsoft/wassette,microsoft/security-devops-action,ci-doctor.md,ci-doctor.md,0.6391,0.0963,False,False,same owner,q10,False
80,297,microsoft/pxt-arcade,microsoft/aspire,documentation.md,pr-docs-check.md,0.6376,0.1077,False,False,same owner,q10,False
184,177,elastic/terraform-provider-elasticstack,elastic/terraform-provider-elasticstack,reproducer-factory-issue.md,ci-deadcode-removal-rotation.md,0.6365,0.0763,False,False,same repo,q10,False
516,54,microsoft/GitHub-Copilot-for-Azure,Azure/azure-sdk-for-net,issue-triage.md,issue-triage.md,0.6341,0.0823,False,False,other owner,q10,False
465,563,YousefHadder/markdown-plus.nvim,DevExpGbb/gh-devlake,wiki-updater.md,docs-sync.md,0.6341,0.0623,False,False,other owner,q10,False
73,18,dotnet/runtime,dotnet/maui,ci-failure-scan-feedback.md,ci-status-fix.md,0.6333,0.0987,False,False,same owner,q10,False
25,26,dotnet/machinelearning,dotnet/machinelearning,ci-scan-feedback.agent.md,ci-scan.agent.md,0.6305,0.1537,False,False,same repo,q10,False
201,483,guitarrapc/githubactions-lab,Kong/kongctl,monthly-oss-repo-status.md,weekly-repo-status.md,0.6301,0.1896,False,False,other owner,q10,False
50,18,dotnet/msbuild,dotnet/maui,flaky-test-detector.agent.md,ci-status-fix.md,0.6287,0.1014,False,False,same owner,q10,False
50,17,dotnet/msbuild,dotnet/maui,flaky-test-detector.agent.md,ci-status-fix-net11.md,0.6274,0.1005,False,False,same owner,q10,False
73,17,dotnet/runtime,dotnet/maui,ci-failure-scan-feedback.md,ci-status-fix-net11.md,0.626,0.0974,False,False,same owner,q10,False
353,183,mongodb-js/devtools-shared,elastic/terraform-provider-elasticstack,security-quality-agent.md,openspec-verify-label.md,0.6258,0.0394,False,False,other owner,q10,False
202,516,Azure/azure-sdk-for-rust,microsoft/GitHub-Copilot-for-Azure,issue-triage.md,issue-triage.md,0.625,0.0793,False,False,other owner,q10,False
370,463,Azure/typespec-azure,YousefHadder/markdown-plus.nvim,docs-sync.md,daily-doc-updater.md,0.6246,0.1087,True,False,other owner,q10,False
370,547,Azure/typespec-azure,microsoft/agentrc,docs-sync.md,daily-doc-updater.md,0.6238,0.1009,True,False,other owner,q10,False
51,325,dotnet/msbuild,dotnet/fsharp,flaky-test-fixer.agent.md,labelops-flake-fix.md,0.6213,0.067,False,False,same owner,q10,False
1,579,apache/cloudstack,dotnet/skills,daily-issue-triage.md,issue-triage.md,0.6212,0.1055,False,False,other owner,q10,False
285,384,Keboo/DotnetTemplates,CommunityToolkit/Aspire,update-dependencies.md,aspire-upgrade.md,0.6204,0.0702,False,False,other owner,q10,False
360,56,carlkidcrypto/ezsnmp,OpenMS/OpenMS,auto_change_log.md,changelog-sync.md,0.6188,0.0602,False,False,other owner,q10,False
25,18,dotnet/machinelearning,dotnet/maui,ci-scan-feedback.agent.md,ci-status-fix.md,0.6182,0.0974,False,False,same owner,q10,False
560,18,FalkorDB/falkordb-rs-next-gen,dotnet/maui,flaky-test-rca.md,ci-status-fix.md,0.618,0.0668,False,False,other owner,q10,False
455,297,kubestellar/docs,microsoft/aspire,technical-doc-writer.md,pr-docs-check.md,0.617,0.118,False,False,other owner,q10,False
506,465,neverinfamous/memory-journal-mcp,YousefHadder/markdown-plus.nvim,wiki-drift-detector.md,wiki-updater.md,0.615,0.0888,False,False,other owner,q10,False
239,94,microsoft/security-devops-action,Azure/azure-sdk-for-js,ci-doctor.md,fix-test-failures.md,0.6147,0.0704,False,False,other owner,q10,False
80,463,microsoft/pxt-arcade,YousefHadder/markdown-plus.nvim,documentation.md,daily-doc-updater.md,0.6144,0.1027,False,False,other owner,q10,False
42,453,microsoft/vstest,kubestellar/docs,md-link-checker.md,link-checker.md,0.613,0.1007,False,False,other owner,q10,False
560,17,FalkorDB/falkordb-rs-next-gen,dotnet/maui,flaky-test-rca.md,ci-status-fix-net11.md,0.6122,0.0659,False,False,other owner,q10,False
430,433,githubnext/agentics,githubnext/agentics,daily-workflow-sync.md,maintainer.md,0.6099,0.0984,False,False,same repo,q10,False
325,326,dotnet/fsharp,dotnet/fsharp,labelops-flake-fix.md,labelops-pr-maintenance.md,0.6099,0.128,False,False,same repo,q10,False
503,1,natnew/Awesome-Data-Science,apache/cloudstack,issue-triage-agent.md,daily-issue-triage.md,0.6091,0.0719,False,False,other owner,q10,False
587,1,Azure/git-ape,apache/cloudstack,issue-triage-agent.md,daily-issue-triage.md,0.6091,0.0719,False,False,other owner,q10,False
25,17,dotnet/machinelearning,dotnet/maui,ci-scan-feedback.agent.md,ci-status-fix-net11.md,0.6082,0.0954,False,False,same owner,q10,False
350,94,opsmill/infrahub,Azure/azure-sdk-for-js,bug-agent-test.md,fix-test-failures.md,0.6079,0.0678,False,False,other owner,q10,False
