history_a,history_b,repo_a,repo_b,file_a,file_b,cos,parent_a,parent_b,likely_fork,relation
2,9,apache/cloudstack,executeautomation/ExecuteAutomationWebApp,daily-repo-status.md,daily-repo-status.md,1.0,githubnext/agentics/workflows/daily-repo-status.md,githubnext/agentics/workflows/daily-repo-status.md,False,siblings (same template family)
2,23,apache/cloudstack,dotnet/maui,daily-repo-status.md,daily-repo-status.md,1.0,githubnext/agentics/workflows/daily-repo-status.md,githubnext/agentics/workflows/daily-repo-status.md,False,siblings (same template family)
2,200,apache/cloudstack,r12f/rnp,daily-repo-status.md,daily-repo-status.md,1.0,githubnext/agentics/workflows/daily-repo-status.md,githubnext/agentics/workflows/daily-repo-status.md,False,siblings (same template family)
2,517,apache/cloudstack,microsoft/GitHub-Copilot-for-Azure,daily-repo-status.md,weekly-repo-status.md,0.9442,githubnext/agentics/workflows/daily-repo-status.md,githubnext/agentics/workflows/daily-repo-status.md,False,siblings (same template family)
2,585,apache/cloudstack,Azure/git-ape,daily-repo-status.md,daily-repo-status.md,1.0,githubnext/agentics/workflows/daily-repo-status.md,githubnext/agentics/workflows/daily-repo-status.md,False,siblings (same template family)
2,359,apache/cloudstack,timrogers/iata-code-decoder-api,daily-repo-status.md,daily-repo-status.md,0.9924,githubnext/agentics/workflows/daily-repo-status.md,githubnext/agentics/workflows/daily-repo-status.md,False,siblings (same template family)
2,358,apache/cloudstack,erigontech/erigon,daily-repo-status.md,daily-repo-status.md,0.9454,githubnext/agentics/workflows/daily-repo-status.md,githubnext/agentics/workflows/daily-repo-status.md,False,siblings (same template family)
2,520,apache/cloudstack,influxdata/docs-v2,daily-repo-status.md,weekly-repo-status.md,0.9442,githubnext/agentics/workflows/daily-repo-status.md,githubnext/agentics/workflows/daily-repo-status.md,False,siblings (same template family)
2,280,apache/cloudstack,Azure/LogicAppsUX,daily-repo-status.md,daily-repo-status.md,1.0,githubnext/agentics/workflows/daily-repo-status.md,githubnext/agentics/workflows/daily-repo-status.md,False,siblings (same template family)
2,294,apache/cloudstack,microsoft/aspire,daily-repo-status.md,daily-repo-status.md,1.0,githubnext/agentics/workflows/daily-repo-status.md,githubnext/agentics/workflows/daily-repo-status.md,False,siblings (same template family)
2,437,apache/cloudstack,fideus-labs/ngff-zarr,daily-repo-status.md,daily-repo-status.md,1.0,githubnext/agentics/workflows/daily-repo-status.md,githubnext/agentics/workflows/daily-repo-status.md,False,siblings (same template family)
2,310,apache/cloudstack,KunalSin9h/meltcd,daily-repo-status.md,daily-repo-status.md,1.0,githubnext/agentics/workflows/daily-repo-status.md,githubnext/agentics/workflows/daily-repo-status.md,False,siblings (same template family)
2,315,apache/cloudstack,rancher/dashboard,daily-repo-status.md,daily-repo-status.md,0.9871,githubnext/agentics/workflows/daily-repo-status.md,githubnext/agentics/workflows/daily-repo-status.md,False,siblings (same template family)
2,487,apache/cloudstack,hemanth/mcp-web-client,daily-repo-status.md,daily-repo-status.md,1.0,githubnext/agentics/workflows/daily-repo-status.md,githubnext/agentics/workflows/daily-repo-status.md,False,siblings (same template family)
2,107,apache/cloudstack,microsoft/Web-Dev-For-Beginners,daily-repo-status.md,daily-repo-status.md,1.0,githubnext/agentics/workflows/daily-repo-status.md,githubnext/agentics/workflows/daily-repo-status.md,False,siblings (same template family)
2,486,apache/cloudstack,mcpc-tech/dev-inspector-mcp,daily-repo-status.md,daily-repo-status.md,1.0,githubnext/agentics/workflows/daily-repo-status.md,githubnext/agentics/workflows/daily-repo-status.md,False,siblings (same template family)
2,555,apache/cloudstack,AndreaGriffiths11/IssueCrush,daily-repo-status.md,daily-repo-status.md,1.0,githubnext/agentics/workflows/daily-repo-status.md,githubnext/agentics/workflows/daily-repo-status.md,False,siblings (same template family)
2,322,apache/cloudstack,lrascao/rebar3_gpb_plugin,daily-repo-status.md,daily-repo-status.md,1.0,githubnext/agentics/workflows/daily-repo-status.md,githubnext/agentics/workflows/daily-repo-status.md,False,siblings (same template family)
2,7,apache/cloudstack,duckduckgo/Android,daily-repo-status.md,daily-repo-status.md,1.0,githubnext/agentics/workflows/daily-repo-status.md,githubnext/agentics/workflows/daily-repo-status.md,False,siblings (same template family)
587,503,Azure/git-ape,natnew/Awesome-Data-Science,issue-triage-agent.md,issue-triage-agent.md,1.0,github/gh-aw/.github/workflows/issue-triage-agent.md,github/gh-aw/.github/workflows/issue-triage-agent.md,False,siblings (same template family)
9,23,executeautomation/ExecuteAutomationWebApp,dotnet/maui,daily-repo-status.md,daily-repo-status.md,1.0,githubnext/agentics/workflows/daily-repo-status.md,githubnext/agentics/workflows/daily-repo-status.md,False,siblings (same template family)
9,200,executeautomation/ExecuteAutomationWebApp,r12f/rnp,daily-repo-status.md,daily-repo-status.md,1.0,githubnext/agentics/workflows/daily-repo-status.md,githubnext/agentics/workflows/daily-repo-status.md,False,siblings (same template family)
9,517,executeautomation/ExecuteAutomationWebApp,microsoft/GitHub-Copilot-for-Azure,daily-repo-status.md,weekly-repo-status.md,0.9442,githubnext/agentics/workflows/daily-repo-status.md,githubnext/agentics/workflows/daily-repo-status.md,False,siblings (same template family)
9,585,executeautomation/ExecuteAutomationWebApp,Azure/git-ape,daily-repo-status.md,daily-repo-status.md,1.0,githubnext/agentics/workflows/daily-repo-status.md,githubnext/agentics/workflows/daily-repo-status.md,False,siblings (same template family)
9,359,executeautomation/ExecuteAutomationWebApp,timrogers/iata-code-decoder-api,daily-repo-status.md,daily-repo-status.md,0.9924,githubnext/agentics/workflows/daily-repo-status.md,githubnext/agentics/workflows/daily-repo-status.md,False,siblings (same template family)
9,358,executeautomation/ExecuteAutomationWebApp,erigontech/erigon,daily-repo-status.md,daily-repo-status.md,0.9454,githubnext/agentics/workflows/daily-repo-status.md,githubnext/agentics/workflows/daily-repo-status.md,False,siblings (same template family)
9,520,executeautomation/ExecuteAutomationWebApp,influxdata/docs-v2,daily-repo-status.md,weekly-repo-status.md,0.9442,githubnext/agentics/workflows/daily-repo-status.md,githubnext/agentics/workflows/daily-repo-status.md,False,siblings (same template family)
9,280,executeautomation/ExecuteAutomationWebApp,Azure/LogicAppsUX,daily-repo-status.md,daily-repo-status.md,1.0,githubnext/agentics/workflows/daily-repo-status.md,githubnext/agentics/workflows/daily-repo-status.md,False,siblings (same template family)
9,294,executeautomation/ExecuteAutomationWebApp,microsoft/aspire,daily-repo-status.md,daily-repo-status.md,1.0,githubnext/agentics/workflows/daily-repo-status.md,githubnext/agentics/workflows/daily-repo-status.md,False,siblings (same template family)
9,437,executeautomation/ExecuteAutomationWebApp,fideus-labs/ngff-zarr,daily-repo-status.md,daily-repo-status.md,1.0,githubnext/agentics/workflows/daily-repo-status.md,githubnext/agentics/workflows/daily-repo-status.md,False,siblings (same template family)
9,310,executeautomation/ExecuteAutomationWebApp,KunalSin9h/meltcd,daily-repo-status.md,daily-repo-status.md,1.0,githubnext/agentics/workflows/daily-repo-status.md,githubnext/agentics/workflows/daily-repo-status.md,False,siblings (same template family)
9,315,executeautomation/ExecuteAutomationWebApp,rancher/dashboard,daily-repo-status.md,daily-repo-status.md,0.9871,githubnext/agentics/workflows/daily-repo-status.md,githubnext/agentics/workflows/daily-repo-status.md,False,siblings (same template family)
9,487,executeautomation/ExecuteAutomationWebApp,hemanth/mcp-web-client,daily-repo-status.md,daily-repo-status.md,1.0,githubnext/agentics/workflows/daily-repo-status.md,githubnext/agentics/workflows/daily-repo-status.md,False,siblings (same template family)
9,107,executeautomation/ExecuteAutomationWebApp,microsoft/Web-Dev-For-Beginners,daily-repo-status.md,daily-repo-status.md,1.0,githubnext/agentics/workflows/daily-repo-status.md,githubnext/agentics/workflows/daily-repo-status.md,False,siblings (same template family)
9,486,executeautomation/ExecuteAutomationWebApp,mcpc-tech/dev-inspector-mcp,daily-repo-status.md,daily-repo-status.md,1.0,githubnext/agentics/workflows/daily-repo-status.md,githubnext/agentics/workflows/daily-repo-status.md,False,siblings (same template family)
9,555,executeautomation/ExecuteAutomationWebApp,AndreaGriffiths11/IssueCrush,daily-repo-status.md,daily-repo-status.md,1.0,githubnext/agentics/workflows/daily-repo-status.md,githubnext/agentics/workflows/daily-repo-status.md,False,siblings (same template family)
9,322,executeautomation/ExecuteAutomationWebApp,lrascao/rebar3_gpb_plugin,daily-repo-status.md,daily-repo-status.md,1.0,githubnext/agentics/workflows/daily-repo-status.md,githubnext/agentics/workflows/daily-repo-status.md,False,siblings (same template family)
9,7,executeautomation/ExecuteAutomationWebApp,duckduckgo/Android,daily-repo-status.md,daily-repo-status.md,1.0,githubnext/agentics/workflows/daily-repo-status.md,githubnext/agentics/workflows/daily-repo-status.md,False,siblings (same template family)
592,522,oboapp/oboapp,vbuch/oboapp,ci-failure-fix.md,ci-failure-fix.md,1.0,,,True,fork
596,302,fqfqgo/clash-verge-rev,clash-verge-rev/clash-verge-rev,pr-ai-slop-review.md,pr-ai-slop-review.md,1.0,,,True,fork
15,215,uxsoft/AppleWirelessKeyboard,py-why/dowhy,repo-assist.md,repo-assist.md,1.0,githubnext/agentics/workflows/repo-assist.md,githubnext/agentics/workflows/repo-assist.md,False,siblings (same template family)
15,523,uxsoft/AppleWirelessKeyboard,shanselman/winget-tui,repo-assist.md,repo-assist.md,1.0,githubnext/agentics/workflows/repo-assist.md,githubnext/agentics/workflows/repo-assist.md,False,siblings (same template family)
15,233,uxsoft/AppleWirelessKeyboard,baizhiheizi/quill,repo-assist.md,repo-assist.md,0.9537,githubnext/agentics/workflows/repo-assist.md,githubnext/agentics/workflows/repo-assist.md,False,siblings (same template family)
15,539,uxsoft/AppleWirelessKeyboard,popey/sbom-vm,repo-assist.md,repo-assist.md,0.9537,githubnext/agentics/workflows/repo-assist.md,githubnext/agentics/workflows/repo-assist.md,False,siblings (same template family)
15,343,uxsoft/AppleWirelessKeyboard,fslaborg/FSharp.Stats,repo-assist.md,repo-assist.md,1.0,githubnext/agentics/workflows/repo-assist.md,githubnext/agentics/workflows/repo-assist.md,False,siblings (same template family)
15,346,uxsoft/AppleWirelessKeyboard,fsprojects/FSharp.Control.TaskSeq,repo-assist.md,repo-assist.md,0.9906,githubnext/agentics/workflows/repo-assist.md,githubnext/agentics/workflows/repo-assist.md,False,siblings (same template family)
15,342,uxsoft/AppleWirelessKeyboard,fsprojects/FSharp.Data.SqlClient,repo-assist.md,repo-assist.md,0.9906,githubnext/agentics/workflows/repo-assist.md,githubnext/agentics/workflows/repo-assist.md,False,siblings (same template family)
15,160,uxsoft/AppleWirelessKeyboard,sergey-tihon/Clippit,repo-assist.md,clippy.md,0.9476,githubnext/agentics/workflows/repo-assist.md,githubnext/agentics/workflows/repo-assist.md,False,siblings (same template family)
15,340,uxsoft/AppleWirelessKeyboard,fsprojects/SwaggerProvider,repo-assist.md,repo-assist.md,1.0,githubnext/agentics/workflows/repo-assist.md,githubnext/agentics/workflows/repo-assist.md,False,siblings (same template family)
15,341,uxsoft/AppleWirelessKeyboard,fsprojects/FSharpx.Collections,repo-assist.md,repo-assist.md,1.0,githubnext/agentics/workflows/repo-assist.md,githubnext/agentics/workflows/repo-assist.md,False,siblings (same template family)
15,336,uxsoft/AppleWirelessKeyboard,fsprojects/FsHttp,repo-assist.md,repo-assist.md,1.0,githubnext/agentics/workflows/repo-assist.md,githubnext/agentics/workflows/repo-assist.md,False,siblings (same template family)
15,484,uxsoft/AppleWirelessKeyboard,shanselman/WindowsEdgeLight,repo-assist.md,repo-assist.md,1.0,githubnext/agentics/workflows/repo-assist.md,githubnext/agentics/workflows/repo-assist.md,False,siblings (same template family)
15,485,uxsoft/AppleWirelessKeyboard,chrisreddington/trend-radar,repo-assist.md,repo-assist.md,1.0,githubnext/agentics/workflows/repo-assist.md,githubnext/agentics/workflows/repo-assist.md,False,siblings (same template family)
15,332,uxsoft/AppleWirelessKeyboard,fslaborg/Deedle,repo-assist.md,repo-assist.md,1.0,githubnext/agentics/workflows/repo-assist.md,githubnext/agentics/workflows/repo-assist.md,False,siblings (same template family)
15,385,uxsoft/AppleWirelessKeyboard,popey/slomore,repo-assist.md,repo-assist.md,0.9537,githubnext/agentics/workflows/repo-assist.md,githubnext/agentics/workflows/repo-assist.md,False,siblings (same template family)
15,397,uxsoft/AppleWirelessKeyboard,popey/grummage,repo-assist.md,repo-assist.md,0.9537,githubnext/agentics/workflows/repo-assist.md,githubnext/agentics/workflows/repo-assist.md,False,siblings (same template family)
23,200,dotnet/maui,r12f/rnp,daily-repo-status.md,daily-repo-status.md,1.0,githubnext/agentics/workflows/daily-repo-status.md,githubnext/agentics/workflows/daily-repo-status.md,False,siblings (same template family)
23,517,dotnet/maui,microsoft/GitHub-Copilot-for-Azure,daily-repo-status.md,weekly-repo-status.md,0.9442,githubnext/agentics/workflows/daily-repo-status.md,githubnext/agentics/workflows/daily-repo-status.md,False,siblings (same template family)
23,585,dotnet/maui,Azure/git-ape,daily-repo-status.md,daily-repo-status.md,1.0,githubnext/agentics/workflows/daily-repo-status.md,githubnext/agentics/workflows/daily-repo-status.md,False,siblings (same template family)
23,359,dotnet/maui,timrogers/iata-code-decoder-api,daily-repo-status.md,daily-repo-status.md,0.9924,githubnext/agentics/workflows/daily-repo-status.md,githubnext/agentics/workflows/daily-repo-status.md,False,siblings (same template family)
23,358,dotnet/maui,erigontech/erigon,daily-repo-status.md,daily-repo-status.md,0.9454,githubnext/agentics/workflows/daily-repo-status.md,githubnext/agentics/workflows/daily-repo-status.md,False,siblings (same template family)
23,520,dotnet/maui,influxdata/docs-v2,daily-repo-status.md,weekly-repo-status.md,0.9442,githubnext/agentics/workflows/daily-repo-status.md,githubnext/agentics/workflows/daily-repo-status.md,False,siblings (same template family)
23,280,dotnet/maui,Azure/LogicAppsUX,daily-repo-status.md,daily-repo-status.md,1.0,githubnext/agentics/workflows/daily-repo-status.md,githubnext/agentics/workflows/daily-repo-status.md,False,siblings (same template family)
23,294,dotnet/maui,microsoft/aspire,daily-repo-status.md,daily-repo-status.md,1.0,githubnext/agentics/workflows/daily-repo-status.md,githubnext/agentics/workflows/daily-repo-status.md,False,siblings (same template family)
23,437,dotnet/maui,fideus-labs/ngff-zarr,daily-repo-status.md,daily-repo-status.md,1.0,githubnext/agentics/workflows/daily-repo-status.md,githubnext/agentics/workflows/daily-repo-status.md,False,siblings (same template family)
23,310,dotnet/maui,KunalSin9h/meltcd,daily-repo-status.md,daily-repo-status.md,1.0,githubnext/agentics/workflows/daily-repo-status.md,githubnext/agentics/workflows/daily-repo-status.md,False,siblings (same template family)
23,315,dotnet/maui,rancher/dashboard,daily-repo-status.md,daily-repo-status.md,0.9871,githubnext/agentics/workflows/daily-repo-status.md,githubnext/agentics/workflows/daily-repo-status.md,False,siblings (same template family)
23,487,dotnet/maui,hemanth/mcp-web-client,daily-repo-status.md,daily-repo-status.md,1.0,githubnext/agentics/workflows/daily-repo-status.md,githubnext/agentics/workflows/daily-repo-status.md,False,siblings (same template family)
23,107,dotnet/maui,microsoft/Web-Dev-For-Beginners,daily-repo-status.md,daily-repo-status.md,1.0,githubnext/agentics/workflows/daily-repo-status.md,githubnext/agentics/workflows/daily-repo-status.md,False,siblings (same template family)
23,486,dotnet/maui,mcpc-tech/dev-inspector-mcp,daily-repo-status.md,daily-repo-status.md,1.0,githubnext/agentics/workflows/daily-repo-status.md,githubnext/agentics/workflows/daily-repo-status.md,False,siblings (same template family)
23,555,dotnet/maui,AndreaGriffiths11/IssueCrush,daily-repo-status.md,daily-repo-status.md,1.0,githubnext/agentics/workflows/daily-repo-status.md,githubnext/agentics/workflows/daily-repo-status.md,False,siblings (same template family)
23,322,dotnet/maui,lrascao/rebar3_gpb_plugin,daily-repo-status.md,daily-repo-status.md,1.0,githubnext/agentics/workflows/daily-repo-status.md,githubnext/agentics/workflows/daily-repo-status.md,False,siblings (same template family)
23,7,dotnet/maui,duckduckgo/Android,daily-repo-status.md,daily-repo-status.md,1.0,githubnext/agentics/workflows/daily-repo-status.md,githubnext/agentics/workflows/daily-repo-status.md,False,siblings (same template family)
381,524,alexandru/social-publish,chimon2000/good_first_issue,code-simplifier.md,code-simplifier.md,0.9652,github/gh-aw/.github/workflows/code-simplifier.md,github/gh-aw/.github/workflows/code-simplifier.md,False,siblings (same template family)
381,275,alexandru/social-publish,sytone/obsidian-queryallthethings,code-simplifier.md,code-simplifier.md,1.0,github/gh-aw/.github/workflows/code-simplifier.md,github/gh-aw/.github/workflows/code-simplifier.md,False,siblings (same template family)
381,435,alexandru/social-publish,MiguelElGallo/mpzsql,code-simplifier.md,code-simplifier.md,1.0,github/gh-aw/.github/workflows/code-simplifier.md,github/gh-aw/.github/workflows/code-simplifier.md,False,siblings (same template family)
381,83,alexandru/social-publish,storybookjs/storybook,code-simplifier.md,code-simplifier.md,1.0,github/gh-aw/.github/workflows/code-simplifier.md,github/gh-aw/.github/workflows/code-simplifier.md,False,siblings (same template family)
381,460,alexandru/social-publish,YousefHadder/markdown-plus.nvim,code-simplifier.md,code-simplifier.md,0.9575,github/gh-aw/.github/workflows/code-simplifier.md,github/gh-aw/.github/workflows/code-simplifier.md,False,siblings (same template family)
200,517,r12f/rnp,microsoft/GitHub-Copilot-for-Azure,daily-repo-status.md,weekly-repo-status.md,0.9442,githubnext/agentics/workflows/daily-repo-status.md,githubnext/agentics/workflows/daily-repo-status.md,False,siblings (same template family)
200,585,r12f/rnp,Azure/git-ape,daily-repo-status.md,daily-repo-status.md,1.0,githubnext/agentics/workflows/daily-repo-status.md,githubnext/agentics/workflows/daily-repo-status.md,False,siblings (same template family)
200,359,r12f/rnp,timrogers/iata-code-decoder-api,daily-repo-status.md,daily-repo-status.md,0.9924,githubnext/agentics/workflows/daily-repo-status.md,githubnext/agentics/workflows/daily-repo-status.md,False,siblings (same template family)
200,358,r12f/rnp,erigontech/erigon,daily-repo-status.md,daily-repo-status.md,0.9454,githubnext/agentics/workflows/daily-repo-status.md,githubnext/agentics/workflows/daily-repo-status.md,False,siblings (same template family)
200,520,r12f/rnp,influxdata/docs-v2,daily-repo-status.md,weekly-repo-status.md,0.9442,githubnext/agentics/workflows/daily-repo-status.md,githubnext/agentics/workflows/daily-repo-status.md,False,siblings (same template family)
200,280,r12f/rnp,Azure/LogicAppsUX,daily-repo-status.md,daily-repo-status.md,1.0,githubnext/agentics/workflows/daily-repo-status.md,githubnext/agentics/workflows/daily-repo-status.md,False,siblings (same template family)
200,294,r12f/rnp,microsoft/aspire,daily-repo-status.md,daily-repo-status.md,1.0,githubnext/agentics/workflows/daily-repo-status.md,githubnext/agentics/workflows/daily-repo-status.md,False,siblings (same template family)
200,437,r12f/rnp,fideus-labs/ngff-zarr,daily-repo-status.md,daily-repo-status.md,1.0,githubnext/agentics/workflows/daily-repo-status.md,githubnext/agentics/workflows/daily-repo-status.md,False,siblings (same template family)
200,310,r12f/rnp,KunalSin9h/meltcd,daily-repo-status.md,daily-repo-status.md,1.0,githubnext/agentics/workflows/daily-repo-status.md,githubnext/agentics/workflows/daily-repo-status.md,False,siblings (same template family)
200,315,r12f/rnp,rancher/dashboard,daily-repo-status.md,daily-repo-status.md,0.9871,githubnext/agentics/workflows/daily-repo-status.md,githubnext/agentics/workflows/daily-repo-status.md,False,siblings (same template family)
200,487,r12f/rnp,hemanth/mcp-web-client,daily-repo-status.md,daily-repo-status.md,1.0,githubnext/agentics/workflows/daily-repo-status.md,githubnext/agentics/workflows/daily-repo-status.md,False,siblings (same template family)
200,107,r12f/rnp,microsoft/Web-Dev-For-Beginners,daily-repo-status.md,daily-repo-status.md,1.0,githubnext/agentics/workflows/daily-repo-status.md,githubnext/agentics/workflows/daily-repo-status.md,False,siblings (same template family)
200,486,r12f/rnp,mcpc-tech/dev-inspector-mcp,daily-repo-status.md,daily-repo-status.md,1.0,githubnext/agentics/workflows/daily-repo-status.md,githubnext/agentics/workflows/daily-repo-status.md,False,siblings (same template family)
200,555,r12f/rnp,AndreaGriffiths11/IssueCrush,daily-repo-status.md,daily-repo-status.md,1.0,githubnext/agentics/workflows/daily-repo-status.md,githubnext/agentics/workflows/daily-repo-status.md,False,siblings (same template family)
200,322,r12f/rnp,lrascao/rebar3_gpb_plugin,daily-repo-status.md,daily-repo-status.md,1.0,githubnext/agentics/workflows/daily-repo-status.md,githubnext/agentics/workflows/daily-repo-status.md,False,siblings (same template family)
200,7,r12f/rnp,duckduckgo/Android,daily-repo-status.md,daily-repo-status.md,1.0,githubnext/agentics/workflows/daily-repo-status.md,githubnext/agentics/workflows/daily-repo-status.md,False,siblings (same template family)
34,226,microsoft/vstest,baizhiheizi/quill,code-simplifier.md,code-simplifier.md,0.9974,githubnext/agentics/workflows/code-simplifier.md,githubnext/agentics/workflows/code-simplifier.md,False,siblings (same template family)
37,48,microsoft/vstest,Shazwazza/Articulate,efficiency-improver.md,efficiency-improver.md,0.9713,githubnext/agentics/workflows/daily-efficiency-improver.md,githubnext/agentics/workflows/daily-efficiency-improver.md,False,siblings (same template family)
37,228,microsoft/vstest,baizhiheizi/quill,efficiency-improver.md,efficiency-improver.md,0.9713,githubnext/agentics/workflows/daily-efficiency-improver.md,githubnext/agentics/workflows/daily-efficiency-improver.md,False,siblings (same template family)
38,432,microsoft/vstest,githubnext/agentics,http-link-checker.md,link-checker.md,0.9341,githubnext/agentics/workflows/link-checker.md,,False,mixed (different or one-sided parent)
40,230,microsoft/vstest,baizhiheizi/quill,malicious-code-scan.md,malicious-code-scan.md,0.9988,githubnext/agentics/workflows/daily-malicious-code-scan.md,githubnext/agentics/workflows/daily-malicious-code-scan.md,False,siblings (same template family)
41,580,microsoft/vstest,dotnet/skills,markdown-linter.md,markdown-linter.md,0.9929,githubnext/agentics/workflows/markdown-linter.md,githubnext/agentics/workflows/markdown-linter.md,False,siblings (same template family)
48,228,Shazwazza/Articulate,baizhiheizi/quill,efficiency-improver.md,efficiency-improver.md,1.0,githubnext/agentics/workflows/daily-efficiency-improver.md,githubnext/agentics/workflows/daily-efficiency-improver.md,False,siblings (same template family)
513,66,chrisreddington/flight-school,taosdata/TDengine,issue-triage.md,issue-triage.md,1.0,githubnext/agentics/workflows/agentic-triage.md,githubnext/agentics/workflows/agentic-triage.md,False,siblings (same template family)
513,427,chrisreddington/flight-school,kaito-project/aikit,issue-triage.md,issue-triage.md,0.9753,githubnext/agentics/workflows/agentic-triage.md,githubnext/agentics/workflows/agentic-triage.md,False,siblings (same template family)
513,543,chrisreddington/flight-school,zircote/rlm-rs,issue-triage.md,issue-triage.md,1.0,githubnext/agentics/workflows/agentic-triage.md,githubnext/agentics/workflows/agentic-triage.md,False,siblings (same template family)
513,87,chrisreddington/flight-school,PowerShell/vscode-powershell,issue-triage.md,issue-triage.md,1.0,githubnext/agentics/workflows/agentic-triage.md,githubnext/agentics/workflows/agentic-triage.md,False,siblings (same template family)
513,318,chrisreddington/flight-school,rancher/dashboard,issue-triage.md,issue-triage.md,0.9087,githubnext/agentics/workflows/agentic-triage.md,githubnext/agentics/workflows/agentic-triage.md,False,siblings (same template family)
513,106,chrisreddington/flight-school,appwrite/appwrite,issue-triage.md,issue-triage.md,1.0,githubnext/agentics/workflows/agentic-triage.md,githubnext/agentics/workflows/agentic-triage.md,False,siblings (same template family)
517,585,microsoft/GitHub-Copilot-for-Azure,Azure/git-ape,weekly-repo-status.md,daily-repo-status.md,0.9442,githubnext/agentics/workflows/daily-repo-status.md,githubnext/agentics/workflows/daily-repo-status.md,False,siblings (same template family)
517,359,microsoft/GitHub-Copilot-for-Azure,timrogers/iata-code-decoder-api,weekly-repo-status.md,daily-repo-status.md,0.953,githubnext/agentics/workflows/daily-repo-status.md,githubnext/agentics/workflows/daily-repo-status.md,False,siblings (same template family)
517,520,microsoft/GitHub-Copilot-for-Azure,influxdata/docs-v2,weekly-repo-status.md,weekly-repo-status.md,1.0,githubnext/agentics/workflows/daily-repo-status.md,githubnext/agentics/workflows/daily-repo-status.md,False,siblings (same template family)
517,280,microsoft/GitHub-Copilot-for-Azure,Azure/LogicAppsUX,weekly-repo-status.md,daily-repo-status.md,0.9442,githubnext/agentics/workflows/daily-repo-status.md,githubnext/agentics/workflows/daily-repo-status.md,False,siblings (same template family)
517,437,microsoft/GitHub-Copilot-for-Azure,fideus-labs/ngff-zarr,weekly-repo-status.md,daily-repo-status.md,0.9442,githubnext/agentics/workflows/daily-repo-status.md,githubnext/agentics/workflows/daily-repo-status.md,False,siblings (same template family)
517,310,microsoft/GitHub-Copilot-for-Azure,KunalSin9h/meltcd,weekly-repo-status.md,daily-repo-status.md,0.9442,githubnext/agentics/workflows/daily-repo-status.md,githubnext/agentics/workflows/daily-repo-status.md,False,siblings (same template family)
517,315,microsoft/GitHub-Copilot-for-Azure,rancher/dashboard,weekly-repo-status.md,daily-repo-status.md,0.9316,githubnext/agentics/workflows/daily-repo-status.md,githubnext/agentics/workflows/daily-repo-status.md,False,siblings (same template family)
517,487,microsoft/GitHub-Copilot-for-Azure,hemanth/mcp-web-client,weekly-repo-status.md,daily-repo-status.md,0.9442,githubnext/agentics/workflows/daily-repo-status.md,githubnext/agentics/workflows/daily-repo-status.md,False,siblings (same template family)
517,483,microsoft/GitHub-Copilot-for-Azure,Kong/kongctl,weekly-repo-status.md,weekly-repo-status.md,0.9097,githubnext/agentics/workflows/daily-repo-status.md,githubnext/agentics/workflows/daily-repo-status.md,False,siblings (same template family)
517,486,microsoft/GitHub-Copilot-for-Azure,mcpc-tech/dev-inspector-mcp,weekly-repo-status.md,daily-repo-status.md,0.9442,githubnext/agentics/workflows/daily-repo-status.md,githubnext/agentics/workflows/daily-repo-status.md,False,siblings (same template family)
517,555,microsoft/GitHub-Copilot-for-Azure,AndreaGriffiths11/IssueCrush,weekly-repo-status.md,daily-repo-status.md,0.9442,githubnext/agentics/workflows/daily-repo-status.md,githubnext/agentics/workflows/daily-repo-status.md,False,siblings (same template family)
517,322,microsoft/GitHub-Copilot-for-Azure,lrascao/rebar3_gpb_plugin,weekly-repo-status.md,daily-repo-status.md,0.9442,githubnext/agentics/workflows/daily-repo-status.md,githubnext/agentics/workflows/daily-repo-status.md,False,siblings (same template family)
517,7,microsoft/GitHub-Copilot-for-Azure,duckduckgo/Android,weekly-repo-status.md,daily-repo-status.md,0.9442,githubnext/agentics/workflows/daily-repo-status.md,githubnext/agentics/workflows/daily-repo-status.md,False,siblings (same template family)
46,234,microsoft/vstest,baizhiheizi/quill,repository-quality-improver.md,repository-quality-improver.md,0.9984,githubnext/agentics/workflows/repository-quality-improver.md,githubnext/agentics/workflows/repository-quality-improver.md,False,siblings (same template family)
46,253,microsoft/vstest,talk2MeGooseman/stream_closed_captioner_phoenix,repository-quality-improver.md,repository-quality-improver.md,0.9984,githubnext/agentics/workflows/repository-quality-improver.md,githubnext/agentics/workflows/repository-quality-improver.md,False,siblings (same template family)
585,359,Azure/git-ape,timrogers/iata-code-decoder-api,daily-repo-status.md,daily-repo-status.md,0.9924,githubnext/agentics/workflows/daily-repo-status.md,githubnext/agentics/workflows/daily-repo-status.md,False,siblings (same template family)
585,358,Azure/git-ape,erigontech/erigon,daily-repo-status.md,daily-repo-status.md,0.9454,githubnext/agentics/workflows/daily-repo-status.md,githubnext/agentics/workflows/daily-repo-status.md,False,siblings (same template family)
585,520,Azure/git-ape,influxdata/docs-v2,daily-repo-status.md,weekly-repo-status.md,0.9442,githubnext/agentics/workflows/daily-repo-status.md,githubnext/agentics/workflows/daily-repo-status.md,False,siblings (same template family)
585,294,Azure/git-ape,microsoft/aspire,daily-repo-status.md,daily-repo-status.md,1.0,githubnext/agentics/workflows/daily-repo-status.md,githubnext/agentics/workflows/daily-repo-status.md,False,siblings (same template family)
585,437,Azure/git-ape,fideus-labs/ngff-zarr,daily-repo-status.md,daily-repo-status.md,1.0,githubnext/agentics/workflows/daily-repo-status.md,githubnext/agentics/workflows/daily-repo-status.md,False,siblings (same template family)
585,310,Azure/git-ape,KunalSin9h/meltcd,daily-repo-status.md,daily-repo-status.md,1.0,githubnext/agentics/workflows/daily-repo-status.md,githubnext/agentics/workflows/daily-repo-status.md,False,siblings (same template family)
585,315,Azure/git-ape,rancher/dashboard,daily-repo-status.md,daily-repo-status.md,0.9871,githubnext/agentics/workflows/daily-repo-status.md,githubnext/agentics/workflows/daily-repo-status.md,False,siblings (same template family)
585,487,Azure/git-ape,hemanth/mcp-web-client,daily-repo-status.md,daily-repo-status.md,1.0,githubnext/agentics/workflows/daily-repo-status.md,githubnext/agentics/workflows/daily-repo-status.md,False,siblings (same template family)
585,107,Azure/git-ape,microsoft/Web-Dev-For-Beginners,daily-repo-status.md,daily-repo-status.md,1.0,githubnext/agentics/workflows/daily-repo-status.md,githubnext/agentics/workflows/daily-repo-status.md,False,siblings (same template family)
585,486,Azure/git-ape,mcpc-tech/dev-inspector-mcp,daily-repo-status.md,daily-repo-status.md,1.0,githubnext/agentics/workflows/daily-repo-status.md,githubnext/agentics/workflows/daily-repo-status.md,False,siblings (same template family)
585,555,Azure/git-ape,AndreaGriffiths11/IssueCrush,daily-repo-status.md,daily-repo-status.md,1.0,githubnext/agentics/workflows/daily-repo-status.md,githubnext/agentics/workflows/daily-repo-status.md,False,siblings (same template family)
585,322,Azure/git-ape,lrascao/rebar3_gpb_plugin,daily-repo-status.md,daily-repo-status.md,1.0,githubnext/agentics/workflows/daily-repo-status.md,githubnext/agentics/workflows/daily-repo-status.md,False,siblings (same template family)
585,7,Azure/git-ape,duckduckgo/Android,daily-repo-status.md,daily-repo-status.md,1.0,githubnext/agentics/workflows/daily-repo-status.md,githubnext/agentics/workflows/daily-repo-status.md,False,siblings (same template family)
359,358,timrogers/iata-code-decoder-api,erigontech/erigon,daily-repo-status.md,daily-repo-status.md,0.9376,githubnext/agentics/workflows/daily-repo-status.md,githubnext/agentics/workflows/daily-repo-status.md,False,siblings (same template family)
359,520,timrogers/iata-code-decoder-api,influxdata/docs-v2,daily-repo-status.md,weekly-repo-status.md,0.953,githubnext/agentics/workflows/daily-repo-status.md,githubnext/agentics/workflows/daily-repo-status.md,False,siblings (same template family)
359,280,timrogers/iata-code-decoder-api,Azure/LogicAppsUX,daily-repo-status.md,daily-repo-status.md,0.9924,githubnext/agentics/workflows/daily-repo-status.md,githubnext/agentics/workflows/daily-repo-status.md,False,siblings (same template family)
359,294,timrogers/iata-code-decoder-api,microsoft/aspire,daily-repo-status.md,daily-repo-status.md,0.9924,githubnext/agentics/workflows/daily-repo-status.md,githubnext/agentics/workflows/daily-repo-status.md,False,siblings (same template family)
359,437,timrogers/iata-code-decoder-api,fideus-labs/ngff-zarr,daily-repo-status.md,daily-repo-status.md,0.9924,githubnext/agentics/workflows/daily-repo-status.md,githubnext/agentics/workflows/daily-repo-status.md,False,siblings (same template family)
359,310,timrogers/iata-code-decoder-api,KunalSin9h/meltcd,daily-repo-status.md,daily-repo-status.md,0.9924,githubnext/agentics/workflows/daily-repo-status.md,githubnext/agentics/workflows/daily-repo-status.md,False,siblings (same template family)
359,315,timrogers/iata-code-decoder-api,rancher/dashboard,daily-repo-status.md,daily-repo-status.md,0.9794,githubnext/agentics/workflows/daily-repo-status.md,githubnext/agentics/workflows/daily-repo-status.md,False,siblings (same template family)
359,487,timrogers/iata-code-decoder-api,hemanth/mcp-web-client,daily-repo-status.md,daily-repo-status.md,0.9924,githubnext/agentics/workflows/daily-repo-status.md,githubnext/agentics/workflows/daily-repo-status.md,False,siblings (same template family)
359,107,timrogers/iata-code-decoder-api,microsoft/Web-Dev-For-Beginners,daily-repo-status.md,daily-repo-status.md,0.9924,githubnext/agentics/workflows/daily-repo-status.md,githubnext/agentics/workflows/daily-repo-status.md,False,siblings (same template family)
359,486,timrogers/iata-code-decoder-api,mcpc-tech/dev-inspector-mcp,daily-repo-status.md,daily-repo-status.md,0.9924,githubnext/agentics/workflows/daily-repo-status.md,githubnext/agentics/workflows/daily-repo-status.md,False,siblings (same template family)
359,555,timrogers/iata-code-decoder-api,AndreaGriffiths11/IssueCrush,daily-repo-status.md,daily-repo-status.md,0.9924,githubnext/agentics/workflows/daily-repo-status.md,githubnext/agentics/workflows/daily-repo-status.md,False,siblings (same template family)
359,322,timrogers/iata-code-decoder-api,lrascao/rebar3_gpb_plugin,daily-repo-status.md,daily-repo-status.md,0.9924,githubnext/agentics/workflows/daily-repo-status.md,githubnext/agentics/workflows/daily-repo-status.md,False,siblings (same template family)
359,7,timrogers/iata-code-decoder-api,duckduckgo/Android,daily-repo-status.md,daily-repo-status.md,0.9924,githubnext/agentics/workflows/daily-repo-status.md,githubnext/agentics/workflows/daily-repo-status.md,False,siblings (same template family)
215,523,py-why/dowhy,shanselman/winget-tui,repo-assist.md,repo-assist.md,1.0,githubnext/agentics/workflows/repo-assist.md,githubnext/agentics/workflows/repo-assist.md,False,siblings (same template family)
215,233,py-why/dowhy,baizhiheizi/quill,repo-assist.md,repo-assist.md,0.9537,githubnext/agentics/workflows/repo-assist.md,githubnext/agentics/workflows/repo-assist.md,False,siblings (same template family)
215,539,py-why/dowhy,popey/sbom-vm,repo-assist.md,repo-assist.md,0.9537,githubnext/agentics/workflows/repo-assist.md,githubnext/agentics/workflows/repo-assist.md,False,siblings (same template family)
215,343,py-why/dowhy,fslaborg/FSharp.Stats,repo-assist.md,repo-assist.md,1.0,githubnext/agentics/workflows/repo-assist.md,githubnext/agentics/workflows/repo-assist.md,False,siblings (same template family)
215,346,py-why/dowhy,fsprojects/FSharp.Control.TaskSeq,repo-assist.md,repo-assist.md,0.9906,githubnext/agentics/workflows/repo-assist.md,githubnext/agentics/workflows/repo-assist.md,False,siblings (same template family)
215,342,py-why/dowhy,fsprojects/FSharp.Data.SqlClient,repo-assist.md,repo-assist.md,0.9906,githubnext/agentics/workflows/repo-assist.md,githubnext/agentics/workflows/repo-assist.md,False,siblings (same template family)
215,160,py-why/dowhy,sergey-tihon/Clippit,repo-assist.md,clippy.md,0.9476,githubnext/agentics/workflows/repo-assist.md,githubnext/agentics/workflows/repo-assist.md,False,siblings (same template family)
215,340,py-why/dowhy,fsprojects/SwaggerProvider,repo-assist.md,repo-assist.md,1.0,githubnext/agentics/workflows/repo-assist.md,githubnext/agentics/workflows/repo-assist.md,False,siblings (same template family)
215,341,py-why/dowhy,fsprojects/FSharpx.Collections,repo-assist.md,repo-assist.md,1.0,githubnext/agentics/workflows/repo-assist.md,githubnext/agentics/workflows/repo-assist.md,False,siblings (same template family)
215,336,py-why/dowhy,fsprojects/FsHttp,repo-assist.md,repo-assist.md,1.0,githubnext/agentics/workflows/repo-assist.md,githubnext/agentics/workflows/repo-assist.md,False,siblings (same template family)
215,484,py-why/dowhy,shanselman/WindowsEdgeLight,repo-assist.md,repo-assist.md,1.0,githubnext/agentics/workflows/repo-assist.md,githubnext/agentics/workflows/repo-assist.md,False,siblings (same template family)
215,485,py-why/dowhy,chrisreddington/trend-radar,repo-assist.md,repo-assist.md,1.0,githubnext/agentics/workflows/repo-assist.md,githubnext/agentics/workflows/repo-assist.md,False,siblings (same template family)
215,332,py-why/dowhy,fslaborg/Deedle,repo-assist.md,repo-assist.md,1.0,githubnext/agentics/workflows/repo-assist.md,githubnext/agentics/workflows/repo-assist.md,False,siblings (same template family)
215,385,py-why/dowhy,popey/slomore,repo-assist.md,repo-assist.md,0.9537,githubnext/agentics/workflows/repo-assist.md,githubnext/agentics/workflows/repo-assist.md,False,siblings (same template family)
215,397,py-why/dowhy,popey/grummage,repo-assist.md,repo-assist.md,0.9537,githubnext/agentics/workflows/repo-assist.md,githubnext/agentics/workflows/repo-assist.md,False,siblings (same template family)
358,280,erigontech/erigon,Azure/LogicAppsUX,daily-repo-status.md,daily-repo-status.md,0.9454,githubnext/agentics/workflows/daily-repo-status.md,githubnext/agentics/workflows/daily-repo-status.md,False,siblings (same template family)
358,294,erigontech/erigon,microsoft/aspire,daily-repo-status.md,daily-repo-status.md,0.9454,githubnext/agentics/workflows/daily-repo-status.md,githubnext/agentics/workflows/daily-repo-status.md,False,siblings (same template family)
358,437,erigontech/erigon,fideus-labs/ngff-zarr,daily-repo-status.md,daily-repo-status.md,0.9454,githubnext/agentics/workflows/daily-repo-status.md,githubnext/agentics/workflows/daily-repo-status.md,False,siblings (same template family)
358,310,erigontech/erigon,KunalSin9h/meltcd,daily-repo-status.md,daily-repo-status.md,0.9454,githubnext/agentics/workflows/daily-repo-status.md,githubnext/agentics/workflows/daily-repo-status.md,False,siblings (same template family)
358,315,erigontech/erigon,rancher/dashboard,daily-repo-status.md,daily-repo-status.md,0.9372,githubnext/agentics/workflows/daily-repo-status.md,githubnext/agentics/workflows/daily-repo-status.md,False,siblings (same template family)
358,487,erigontech/erigon,hemanth/mcp-web-client,daily-repo-status.md,daily-repo-status.md,0.9454,githubnext/agentics/workflows/daily-repo-status.md,githubnext/agentics/workflows/daily-repo-status.md,False,siblings (same template family)
358,107,erigontech/erigon,microsoft/Web-Dev-For-Beginners,daily-repo-status.md,daily-repo-status.md,0.9454,githubnext/agentics/workflows/daily-repo-status.md,githubnext/agentics/workflows/daily-repo-status.md,False,siblings (same template family)
358,486,erigontech/erigon,mcpc-tech/dev-inspector-mcp,daily-repo-status.md,daily-repo-status.md,0.9454,githubnext/agentics/workflows/daily-repo-status.md,githubnext/agentics/workflows/daily-repo-status.md,False,siblings (same template family)
358,555,erigontech/erigon,AndreaGriffiths11/IssueCrush,daily-repo-status.md,daily-repo-status.md,0.9454,githubnext/agentics/workflows/daily-repo-status.md,githubnext/agentics/workflows/daily-repo-status.md,False,siblings (same template family)
358,322,erigontech/erigon,lrascao/rebar3_gpb_plugin,daily-repo-status.md,daily-repo-status.md,0.9454,githubnext/agentics/workflows/daily-repo-status.md,githubnext/agentics/workflows/daily-repo-status.md,False,siblings (same template family)
358,7,erigontech/erigon,duckduckgo/Android,daily-repo-status.md,daily-repo-status.md,0.9454,githubnext/agentics/workflows/daily-repo-status.md,githubnext/agentics/workflows/daily-repo-status.md,False,siblings (same template family)
520,280,influxdata/docs-v2,Azure/LogicAppsUX,weekly-repo-status.md,daily-repo-status.md,0.9442,githubnext/agentics/workflows/daily-repo-status.md,githubnext/agentics/workflows/daily-repo-status.md,False,siblings (same template family)
520,294,influxdata/docs-v2,microsoft/aspire,weekly-repo-status.md,daily-repo-status.md,0.9442,githubnext/agentics/workflows/daily-repo-status.md,githubnext/agentics/workflows/daily-repo-status.md,False,siblings (same template family)
520,437,influxdata/docs-v2,fideus-labs/ngff-zarr,weekly-repo-status.md,daily-repo-status.md,0.9442,githubnext/agentics/workflows/daily-repo-status.md,githubnext/agentics/workflows/daily-repo-status.md,False,siblings (same template family)
520,310,influxdata/docs-v2,KunalSin9h/meltcd,weekly-repo-status.md,daily-repo-status.md,0.9442,githubnext/agentics/workflows/daily-repo-status.md,githubnext/agentics/workflows/daily-repo-status.md,False,siblings (same template family)
520,315,influxdata/docs-v2,rancher/dashboard,weekly-repo-status.md,daily-repo-status.md,0.9316,githubnext/agentics/workflows/daily-repo-status.md,githubnext/agentics/workflows/daily-repo-status.md,False,siblings (same template family)
520,487,influxdata/docs-v2,hemanth/mcp-web-client,weekly-repo-status.md,daily-repo-status.md,0.9442,githubnext/agentics/workflows/daily-repo-status.md,githubnext/agentics/workflows/daily-repo-status.md,False,siblings (same template family)
520,483,influxdata/docs-v2,Kong/kongctl,weekly-repo-status.md,weekly-repo-status.md,0.9097,githubnext/agentics/workflows/daily-repo-status.md,githubnext/agentics/workflows/daily-repo-status.md,False,siblings (same template family)
520,107,influxdata/docs-v2,microsoft/Web-Dev-For-Beginners,weekly-repo-status.md,daily-repo-status.md,0.9442,githubnext/agentics/workflows/daily-repo-status.md,githubnext/agentics/workflows/daily-repo-status.md,False,siblings (same template family)
520,486,influxdata/docs-v2,mcpc-tech/dev-inspector-mcp,weekly-repo-status.md,daily-repo-status.md,0.9442,githubnext/agentics/workflows/daily-repo-status.md,githubnext/agentics/workflows/daily-repo-status.md,False,siblings (same template family)
520,555,influxdata/docs-v2,AndreaGriffiths11/IssueCrush,weekly-repo-status.md,daily-repo-status.md,0.9442,githubnext/agentics/workflows/daily-repo-status.md,githubnext/agentics/workflows/daily-repo-status.md,False,siblings (same template family)
520,322,influxdata/docs-v2,lrascao/rebar3_gpb_plugin,weekly-repo-status.md,daily-repo-status.md,0.9442,githubnext/agentics/workflows/daily-repo-status.md,githubnext/agentics/workflows/daily-repo-status.md,False,siblings (same template family)
520,7,influxdata/docs-v2,duckduckgo/Android,weekly-repo-status.md,daily-repo-status.md,0.9442,githubnext/agentics/workflows/daily-repo-status.md,githubnext/agentics/workflows/daily-repo-status.md,False,siblings (same template family)
523,233,shanselman/winget-tui,baizhiheizi/quill,repo-assist.md,repo-assist.md,0.9537,githubnext/agentics/workflows/repo-assist.md,githubnext/agentics/workflows/repo-assist.md,False,siblings (same template family)
523,539,shanselman/winget-tui,popey/sbom-vm,repo-assist.md,repo-assist.md,0.9537,githubnext/agentics/workflows/repo-assist.md,githubnext/agentics/workflows/repo-assist.md,False,siblings (same template family)
523,343,shanselman/winget-tui,fslaborg/FSharp.Stats,repo-assist.md,repo-assist.md,1.0,githubnext/agentics/workflows/repo-assist.md,githubnext/agentics/workflows/repo-assist.md,False,siblings (same template family)
523,346,shanselman/winget-tui,fsprojects/FSharp.Control.TaskSeq,repo-assist.md,repo-assist.md,0.9906,githubnext/agentics/workflows/repo-assist.md,githubnext/agentics/workflows/repo-assist.md,False,siblings (same template family)
523,342,shanselman/winget-tui,fsprojects/FSharp.Data.SqlClient,repo-assist.md,repo-assist.md,0.9906,githubnext/agentics/workflows/repo-assist.md,githubnext/agentics/workflows/repo-assist.md,False,siblings (same template family)
523,160,shanselman/winget-tui,sergey-tihon/Clippit,repo-assist.md,clippy.md,0.9476,githubnext/agentics/workflows/repo-assist.md,githubnext/agentics/workflows/repo-assist.md,False,siblings (same template family)
523,340,shanselman/winget-tui,fsprojects/SwaggerProvider,repo-assist.md,repo-assist.md,1.0,githubnext/agentics/workflows/repo-assist.md,githubnext/agentics/workflows/repo-assist.md,False,siblings (same template family)
523,341,shanselman/winget-tui,fsprojects/FSharpx.Collections,repo-assist.md,repo-assist.md,1.0,githubnext/agentics/workflows/repo-assist.md,githubnext/agentics/workflows/repo-assist.md,False,siblings (same template family)
523,336,shanselman/winget-tui,fsprojects/FsHttp,repo-assist.md,repo-assist.md,1.0,githubnext/agentics/workflows/repo-assist.md,githubnext/agentics/workflows/repo-assist.md,False,siblings (same template family)
523,485,shanselman/winget-tui,chrisreddington/trend-radar,repo-assist.md,repo-assist.md,1.0,githubnext/agentics/workflows/repo-assist.md,githubnext/agentics/workflows/repo-assist.md,False,siblings (same template family)
523,332,shanselman/winget-tui,fslaborg/Deedle,repo-assist.md,repo-assist.md,1.0,githubnext/agentics/workflows/repo-assist.md,githubnext/agentics/workflows/repo-assist.md,False,siblings (same template family)
523,385,shanselman/winget-tui,popey/slomore,repo-assist.md,repo-assist.md,0.9537,githubnext/agentics/workflows/repo-assist.md,githubnext/agentics/workflows/repo-assist.md,False,siblings (same template family)
523,397,shanselman/winget-tui,popey/grummage,repo-assist.md,repo-assist.md,0.9537,githubnext/agentics/workflows/repo-assist.md,githubnext/agentics/workflows/repo-assist.md,False,siblings (same template family)
524,275,chimon2000/good_first_issue,sytone/obsidian-queryallthethings,code-simplifier.md,code-simplifier.md,0.9652,github/gh-aw/.github/workflows/code-simplifier.md,github/gh-aw/.github/workflows/code-simplifier.md,False,siblings (same template family)
524,435,chimon2000/good_first_issue,MiguelElGallo/mpzsql,code-simplifier.md,code-simplifier.md,0.9652,github/gh-aw/.github/workflows/code-simplifier.md,github/gh-aw/.github/workflows/code-simplifier.md,False,siblings (same template family)
524,83,chimon2000/good_first_issue,storybookjs/storybook,code-simplifier.md,code-simplifier.md,0.9652,github/gh-aw/.github/workflows/code-simplifier.md,github/gh-aw/.github/workflows/code-simplifier.md,False,siblings (same template family)
524,460,chimon2000/good_first_issue,YousefHadder/markdown-plus.nvim,code-simplifier.md,code-simplifier.md,0.9259,github/gh-aw/.github/workflows/code-simplifier.md,github/gh-aw/.github/workflows/code-simplifier.md,False,siblings (same template family)
525,84,chimon2000/good_first_issue,storybookjs/storybook,duplicate-code-detector.md,duplicate-code-detector.md,1.0,github/gh-aw/.github/workflows/duplicate-code-detector.md,github/gh-aw/.github/workflows/duplicate-code-detector.md,False,siblings (same template family)
525,103,chimon2000/good_first_issue,ptarmiganlabs/butler-sos,duplicate-code-detector.md,duplicate-code-detector.md,1.0,github/gh-aw/.github/workflows/duplicate-code-detector.md,github/gh-aw/.github/workflows/duplicate-code-detector.md,False,siblings (same template family)
233,539,baizhiheizi/quill,popey/sbom-vm,repo-assist.md,repo-assist.md,1.0,githubnext/agentics/workflows/repo-assist.md,githubnext/agentics/workflows/repo-assist.md,False,siblings (same template family)
233,343,baizhiheizi/quill,fslaborg/FSharp.Stats,repo-assist.md,repo-assist.md,0.9537,githubnext/agentics/workflows/repo-assist.md,githubnext/agentics/workflows/repo-assist.md,False,siblings (same template family)
233,346,baizhiheizi/quill,fsprojects/FSharp.Control.TaskSeq,repo-assist.md,repo-assist.md,0.9551,githubnext/agentics/workflows/repo-assist.md,githubnext/agentics/workflows/repo-assist.md,False,siblings (same template family)
233,342,baizhiheizi/quill,fsprojects/FSharp.Data.SqlClient,repo-assist.md,repo-assist.md,0.9551,githubnext/agentics/workflows/repo-assist.md,githubnext/agentics/workflows/repo-assist.md,False,siblings (same template family)
233,160,baizhiheizi/quill,sergey-tihon/Clippit,repo-assist.md,clippy.md,0.9023,githubnext/agentics/workflows/repo-assist.md,githubnext/agentics/workflows/repo-assist.md,False,siblings (same template family)
233,340,baizhiheizi/quill,fsprojects/SwaggerProvider,repo-assist.md,repo-assist.md,0.9537,githubnext/agentics/workflows/repo-assist.md,githubnext/agentics/workflows/repo-assist.md,False,siblings (same template family)
233,341,baizhiheizi/quill,fsprojects/FSharpx.Collections,repo-assist.md,repo-assist.md,0.9537,githubnext/agentics/workflows/repo-assist.md,githubnext/agentics/workflows/repo-assist.md,False,siblings (same template family)
233,336,baizhiheizi/quill,fsprojects/FsHttp,repo-assist.md,repo-assist.md,0.9537,githubnext/agentics/workflows/repo-assist.md,githubnext/agentics/workflows/repo-assist.md,False,siblings (same template family)
233,484,baizhiheizi/quill,shanselman/WindowsEdgeLight,repo-assist.md,repo-assist.md,0.9537,githubnext/agentics/workflows/repo-assist.md,githubnext/agentics/workflows/repo-assist.md,False,siblings (same template family)
233,485,baizhiheizi/quill,chrisreddington/trend-radar,repo-assist.md,repo-assist.md,0.9537,githubnext/agentics/workflows/repo-assist.md,githubnext/agentics/workflows/repo-assist.md,False,siblings (same template family)
233,332,baizhiheizi/quill,fslaborg/Deedle,repo-assist.md,repo-assist.md,0.9537,githubnext/agentics/workflows/repo-assist.md,githubnext/agentics/workflows/repo-assist.md,False,siblings (same template family)
233,385,baizhiheizi/quill,popey/slomore,repo-assist.md,repo-assist.md,1.0,githubnext/agentics/workflows/repo-assist.md,githubnext/agentics/workflows/repo-assist.md,False,siblings (same template family)
233,397,baizhiheizi/quill,popey/grummage,repo-assist.md,repo-assist.md,1.0,githubnext/agentics/workflows/repo-assist.md,githubnext/agentics/workflows/repo-assist.md,False,siblings (same template family)
234,253,baizhiheizi/quill,talk2MeGooseman/stream_closed_captioner_phoenix,repository-quality-improver.md,repository-quality-improver.md,1.0,githubnext/agentics/workflows/repository-quality-improver.md,githubnext/agentics/workflows/repository-quality-improver.md,False,siblings (same template family)
236,316,baizhiheizi/quill,rancher/dashboard,test-improver.md,daily-test-improver.md,0.9539,githubnext/agentics/workflows/daily-test-improver.md,githubnext/agentics/workflows/daily-test-improver.md,False,siblings (same template family)
66,427,taosdata/TDengine,kaito-project/aikit,issue-triage.md,issue-triage.md,0.9753,githubnext/agentics/workflows/agentic-triage.md,githubnext/agentics/workflows/agentic-triage.md,False,siblings (same template family)
66,543,taosdata/TDengine,zircote/rlm-rs,issue-triage.md,issue-triage.md,1.0,githubnext/agentics/workflows/agentic-triage.md,githubnext/agentics/workflows/agentic-triage.md,False,siblings (same template family)
66,87,taosdata/TDengine,PowerShell/vscode-powershell,issue-triage.md,issue-triage.md,1.0,githubnext/agentics/workflows/agentic-triage.md,githubnext/agentics/workflows/agentic-triage.md,False,siblings (same template family)
66,318,taosdata/TDengine,rancher/dashboard,issue-triage.md,issue-triage.md,0.9087,githubnext/agentics/workflows/agentic-triage.md,githubnext/agentics/workflows/agentic-triage.md,False,siblings (same template family)
66,106,taosdata/TDengine,appwrite/appwrite,issue-triage.md,issue-triage.md,1.0,githubnext/agentics/workflows/agentic-triage.md,githubnext/agentics/workflows/agentic-triage.md,False,siblings (same template family)
252,115,talk2MeGooseman/stream_closed_captioner_phoenix,lablup/backend.ai-webui,daily-test-improver.md,daily-test-improver.md,1.0,githubnext/agentics/workflows/daily-test-improver.md,githubnext/agentics/workflows/daily-test-improver.md,False,siblings (same template family)
427,543,kaito-project/aikit,zircote/rlm-rs,issue-triage.md,issue-triage.md,0.9753,githubnext/agentics/workflows/agentic-triage.md,githubnext/agentics/workflows/agentic-triage.md,False,siblings (same template family)
427,87,kaito-project/aikit,PowerShell/vscode-powershell,issue-triage.md,issue-triage.md,0.9753,githubnext/agentics/workflows/agentic-triage.md,githubnext/agentics/workflows/agentic-triage.md,False,siblings (same template family)
427,106,kaito-project/aikit,appwrite/appwrite,issue-triage.md,issue-triage.md,0.9753,githubnext/agentics/workflows/agentic-triage.md,githubnext/agentics/workflows/agentic-triage.md,False,siblings (same template family)
179,317,elastic/terraform-provider-elasticstack,rancher/dashboard,duplicate-code-detector.md,duplicate-code-detector.md,0.9313,githubnext/agentics/workflows/duplicate-code-detector.md,githubnext/agentics/workflows/duplicate-code-detector.md,False,siblings (same template family)
543,87,zircote/rlm-rs,PowerShell/vscode-powershell,issue-triage.md,issue-triage.md,1.0,githubnext/agentics/workflows/agentic-triage.md,githubnext/agentics/workflows/agentic-triage.md,False,siblings (same template family)
543,318,zircote/rlm-rs,rancher/dashboard,issue-triage.md,issue-triage.md,0.9087,githubnext/agentics/workflows/agentic-triage.md,githubnext/agentics/workflows/agentic-triage.md,False,siblings (same template family)
543,106,zircote/rlm-rs,appwrite/appwrite,issue-triage.md,issue-triage.md,1.0,githubnext/agentics/workflows/agentic-triage.md,githubnext/agentics/workflows/agentic-triage.md,False,siblings (same template family)
275,435,sytone/obsidian-queryallthethings,MiguelElGallo/mpzsql,code-simplifier.md,code-simplifier.md,1.0,github/gh-aw/.github/workflows/code-simplifier.md,github/gh-aw/.github/workflows/code-simplifier.md,False,siblings (same template family)
275,83,sytone/obsidian-queryallthethings,storybookjs/storybook,code-simplifier.md,code-simplifier.md,1.0,github/gh-aw/.github/workflows/code-simplifier.md,github/gh-aw/.github/workflows/code-simplifier.md,False,siblings (same template family)
275,460,sytone/obsidian-queryallthethings,YousefHadder/markdown-plus.nvim,code-simplifier.md,code-simplifier.md,0.9575,github/gh-aw/.github/workflows/code-simplifier.md,github/gh-aw/.github/workflows/code-simplifier.md,False,siblings (same template family)
280,294,Azure/LogicAppsUX,microsoft/aspire,daily-repo-status.md,daily-repo-status.md,1.0,githubnext/agentics/workflows/daily-repo-status.md,githubnext/agentics/workflows/daily-repo-status.md,False,siblings (same template family)
280,437,Azure/LogicAppsUX,fideus-labs/ngff-zarr,daily-repo-status.md,daily-repo-status.md,1.0,githubnext/agentics/workflows/daily-repo-status.md,githubnext/agentics/workflows/daily-repo-status.md,False,siblings (same template family)
280,310,Azure/LogicAppsUX,KunalSin9h/meltcd,daily-repo-status.md,daily-repo-status.md,1.0,githubnext/agentics/workflows/daily-repo-status.md,githubnext/agentics/workflows/daily-repo-status.md,False,siblings (same template family)
280,315,Azure/LogicAppsUX,rancher/dashboard,daily-repo-status.md,daily-repo-status.md,0.9871,githubnext/agentics/workflows/daily-repo-status.md,githubnext/agentics/workflows/daily-repo-status.md,False,siblings (same template family)
280,487,Azure/LogicAppsUX,hemanth/mcp-web-client,daily-repo-status.md,daily-repo-status.md,1.0,githubnext/agentics/workflows/daily-repo-status.md,githubnext/agentics/workflows/daily-repo-status.md,False,siblings (same template family)
280,107,Azure/LogicAppsUX,microsoft/Web-Dev-For-Beginners,daily-repo-status.md,daily-repo-status.md,1.0,githubnext/agentics/workflows/daily-repo-status.md,githubnext/agentics/workflows/daily-repo-status.md,False,siblings (same template family)
280,486,Azure/LogicAppsUX,mcpc-tech/dev-inspector-mcp,daily-repo-status.md,daily-repo-status.md,1.0,githubnext/agentics/workflows/daily-repo-status.md,githubnext/agentics/workflows/daily-repo-status.md,False,siblings (same template family)
280,555,Azure/LogicAppsUX,AndreaGriffiths11/IssueCrush,daily-repo-status.md,daily-repo-status.md,1.0,githubnext/agentics/workflows/daily-repo-status.md,githubnext/agentics/workflows/daily-repo-status.md,False,siblings (same template family)
280,322,Azure/LogicAppsUX,lrascao/rebar3_gpb_plugin,daily-repo-status.md,daily-repo-status.md,1.0,githubnext/agentics/workflows/daily-repo-status.md,githubnext/agentics/workflows/daily-repo-status.md,False,siblings (same template family)
280,7,Azure/LogicAppsUX,duckduckgo/Android,daily-repo-status.md,daily-repo-status.md,1.0,githubnext/agentics/workflows/daily-repo-status.md,githubnext/agentics/workflows/daily-repo-status.md,False,siblings (same template family)
435,83,MiguelElGallo/mpzsql,storybookjs/storybook,code-simplifier.md,code-simplifier.md,1.0,github/gh-aw/.github/workflows/code-simplifier.md,github/gh-aw/.github/workflows/code-simplifier.md,False,siblings (same template family)
435,460,MiguelElGallo/mpzsql,YousefHadder/markdown-plus.nvim,code-simplifier.md,code-simplifier.md,0.9575,github/gh-aw/.github/workflows/code-simplifier.md,github/gh-aw/.github/workflows/code-simplifier.md,False,siblings (same template family)
82,5,Alfresco/alfresco-ng2-components,Activiti/activiti-cloud,supply-chain-review.md,supply-chain-review.md,1.0,Alfresco/alfresco-build-tools/.github/workflows/supply-chain-review.md,Alfresco/alfresco-build-tools/.github/workflows/supply-chain-review.md,False,siblings (same template family)
83,460,storybookjs/storybook,YousefHadder/markdown-plus.nvim,code-simplifier.md,code-simplifier.md,0.9575,github/gh-aw/.github/workflows/code-simplifier.md,github/gh-aw/.github/workflows/code-simplifier.md,False,siblings (same template family)
84,103,storybookjs/storybook,ptarmiganlabs/butler-sos,duplicate-code-detector.md,duplicate-code-detector.md,1.0,github/gh-aw/.github/workflows/duplicate-code-detector.md,github/gh-aw/.github/workflows/duplicate-code-detector.md,False,siblings (same template family)
540,305,zircote/rlm-rs,openvinotoolkit/openvino.genai,ci-doctor.md,ci-doctor.md,0.946,githubnext/agentics/workflows/ci-doctor.md,githubnext/agentics/workflows/ci-doctor.md,False,siblings (same template family)
266,5,Alfresco/alfresco-build-tools,Activiti/activiti-cloud,supply-chain-review.md,supply-chain-review.md,1.0,Alfresco/alfresco-build-tools/.github/workflows/supply-chain-review.md,Alfresco/alfresco-build-tools/.github/workflows/supply-chain-review.md,False,siblings (same template family)
539,343,popey/sbom-vm,fslaborg/FSharp.Stats,repo-assist.md,repo-assist.md,0.9537,githubnext/agentics/workflows/repo-assist.md,githubnext/agentics/workflows/repo-assist.md,False,siblings (same template family)
539,346,popey/sbom-vm,fsprojects/FSharp.Control.TaskSeq,repo-assist.md,repo-assist.md,0.9551,githubnext/agentics/workflows/repo-assist.md,githubnext/agentics/workflows/repo-assist.md,False,siblings (same template family)
539,342,popey/sbom-vm,fsprojects/FSharp.Data.SqlClient,repo-assist.md,repo-assist.md,0.9551,githubnext/agentics/workflows/repo-assist.md,githubnext/agentics/workflows/repo-assist.md,False,siblings (same template family)
539,160,popey/sbom-vm,sergey-tihon/Clippit,repo-assist.md,clippy.md,0.9023,githubnext/agentics/workflows/repo-assist.md,githubnext/agentics/workflows/repo-assist.md,False,siblings (same template family)
539,340,popey/sbom-vm,fsprojects/SwaggerProvider,repo-assist.md,repo-assist.md,0.9537,githubnext/agentics/workflows/repo-assist.md,githubnext/agentics/workflows/repo-assist.md,False,siblings (same template family)
539,341,popey/sbom-vm,fsprojects/FSharpx.Collections,repo-assist.md,repo-assist.md,0.9537,githubnext/agentics/workflows/repo-assist.md,githubnext/agentics/workflows/repo-assist.md,False,siblings (same template family)
539,336,popey/sbom-vm,fsprojects/FsHttp,repo-assist.md,repo-assist.md,0.9537,githubnext/agentics/workflows/repo-assist.md,githubnext/agentics/workflows/repo-assist.md,False,siblings (same template family)
539,484,popey/sbom-vm,shanselman/WindowsEdgeLight,repo-assist.md,repo-assist.md,0.9537,githubnext/agentics/workflows/repo-assist.md,githubnext/agentics/workflows/repo-assist.md,False,siblings (same template family)
539,485,popey/sbom-vm,chrisreddington/trend-radar,repo-assist.md,repo-assist.md,0.9537,githubnext/agentics/workflows/repo-assist.md,githubnext/agentics/workflows/repo-assist.md,False,siblings (same template family)
539,332,popey/sbom-vm,fslaborg/Deedle,repo-assist.md,repo-assist.md,0.9537,githubnext/agentics/workflows/repo-assist.md,githubnext/agentics/workflows/repo-assist.md,False,siblings (same template family)
294,437,microsoft/aspire,fideus-labs/ngff-zarr,daily-repo-status.md,daily-repo-status.md,1.0,githubnext/agentics/workflows/daily-repo-status.md,githubnext/agentics/workflows/daily-repo-status.md,False,siblings (same template family)
294,310,microsoft/aspire,KunalSin9h/meltcd,daily-repo-status.md,daily-repo-status.md,1.0,githubnext/agentics/workflows/daily-repo-status.md,githubnext/agentics/workflows/daily-repo-status.md,False,siblings (same template family)
294,315,microsoft/aspire,rancher/dashboard,daily-repo-status.md,daily-repo-status.md,0.9871,githubnext/agentics/workflows/daily-repo-status.md,githubnext/agentics/workflows/daily-repo-status.md,False,siblings (same template family)
294,487,microsoft/aspire,hemanth/mcp-web-client,daily-repo-status.md,daily-repo-status.md,1.0,githubnext/agentics/workflows/daily-repo-status.md,githubnext/agentics/workflows/daily-repo-status.md,False,siblings (same template family)
294,486,microsoft/aspire,mcpc-tech/dev-inspector-mcp,daily-repo-status.md,daily-repo-status.md,1.0,githubnext/agentics/workflows/daily-repo-status.md,githubnext/agentics/workflows/daily-repo-status.md,False,siblings (same template family)
294,555,microsoft/aspire,AndreaGriffiths11/IssueCrush,daily-repo-status.md,daily-repo-status.md,1.0,githubnext/agentics/workflows/daily-repo-status.md,githubnext/agentics/workflows/daily-repo-status.md,False,siblings (same template family)
294,322,microsoft/aspire,lrascao/rebar3_gpb_plugin,daily-repo-status.md,daily-repo-status.md,1.0,githubnext/agentics/workflows/daily-repo-status.md,githubnext/agentics/workflows/daily-repo-status.md,False,siblings (same template family)
294,7,microsoft/aspire,duckduckgo/Android,daily-repo-status.md,daily-repo-status.md,1.0,githubnext/agentics/workflows/daily-repo-status.md,githubnext/agentics/workflows/daily-repo-status.md,False,siblings (same template family)
343,346,fslaborg/FSharp.Stats,fsprojects/FSharp.Control.TaskSeq,repo-assist.md,repo-assist.md,0.9906,githubnext/agentics/workflows/repo-assist.md,githubnext/agentics/workflows/repo-assist.md,False,siblings (same template family)
343,342,fslaborg/FSharp.Stats,fsprojects/FSharp.Data.SqlClient,repo-assist.md,repo-assist.md,0.9906,githubnext/agentics/workflows/repo-assist.md,githubnext/agentics/workflows/repo-assist.md,False,siblings (same template family)
343,160,fslaborg/FSharp.Stats,sergey-tihon/Clippit,repo-assist.md,clippy.md,0.9476,githubnext/agentics/workflows/repo-assist.md,githubnext/agentics/workflows/repo-assist.md,False,siblings (same template family)
343,340,fslaborg/FSharp.Stats,fsprojects/SwaggerProvider,repo-assist.md,repo-assist.md,1.0,githubnext/agentics/workflows/repo-assist.md,githubnext/agentics/workflows/repo-assist.md,False,siblings (same template family)
343,341,fslaborg/FSharp.Stats,fsprojects/FSharpx.Collections,repo-assist.md,repo-assist.md,1.0,githubnext/agentics/workflows/repo-assist.md,githubnext/agentics/workflows/repo-assist.md,False,siblings (same template family)
343,336,fslaborg/FSharp.Stats,fsprojects/FsHttp,repo-assist.md,repo-assist.md,1.0,githubnext/agentics/workflows/repo-assist.md,githubnext/agentics/workflows/repo-assist.md,False,siblings (same template family)
343,484,fslaborg/FSharp.Stats,shanselman/WindowsEdgeLight,repo-assist.md,repo-assist.md,1.0,githubnext/agentics/workflows/repo-assist.md,githubnext/agentics/workflows/repo-assist.md,False,siblings (same template family)
343,485,fslaborg/FSharp.Stats,chrisreddington/trend-radar,repo-assist.md,repo-assist.md,1.0,githubnext/agentics/workflows/repo-assist.md,githubnext/agentics/workflows/repo-assist.md,False,siblings (same template family)
343,385,fslaborg/FSharp.Stats,popey/slomore,repo-assist.md,repo-assist.md,0.9537,githubnext/agentics/workflows/repo-assist.md,githubnext/agentics/workflows/repo-assist.md,False,siblings (same template family)
343,397,fslaborg/FSharp.Stats,popey/grummage,repo-assist.md,repo-assist.md,0.9537,githubnext/agentics/workflows/repo-assist.md,githubnext/agentics/workflows/repo-assist.md,False,siblings (same template family)
346,160,fsprojects/FSharp.Control.TaskSeq,sergey-tihon/Clippit,repo-assist.md,clippy.md,0.9387,githubnext/agentics/workflows/repo-assist.md,githubnext/agentics/workflows/repo-assist.md,False,siblings (same template family)
346,484,fsprojects/FSharp.Control.TaskSeq,shanselman/WindowsEdgeLight,repo-assist.md,repo-assist.md,0.9906,githubnext/agentics/workflows/repo-assist.md,githubnext/agentics/workflows/repo-assist.md,False,siblings (same template family)
346,485,fsprojects/FSharp.Control.TaskSeq,chrisreddington/trend-radar,repo-assist.md,repo-assist.md,0.9906,githubnext/agentics/workflows/repo-assist.md,githubnext/agentics/workflows/repo-assist.md,False,siblings (same template family)
346,332,fsprojects/FSharp.Control.TaskSeq,fslaborg/Deedle,repo-assist.md,repo-assist.md,0.9906,githubnext/agentics/workflows/repo-assist.md,githubnext/agentics/workflows/repo-assist.md,False,siblings (same template family)
346,385,fsprojects/FSharp.Control.TaskSeq,popey/slomore,repo-assist.md,repo-assist.md,0.9551,githubnext/agentics/workflows/repo-assist.md,githubnext/agentics/workflows/repo-assist.md,False,siblings (same template family)
346,397,fsprojects/FSharp.Control.TaskSeq,popey/grummage,repo-assist.md,repo-assist.md,0.9551,githubnext/agentics/workflows/repo-assist.md,githubnext/agentics/workflows/repo-assist.md,False,siblings (same template family)
437,310,fideus-labs/ngff-zarr,KunalSin9h/meltcd,daily-repo-status.md,daily-repo-status.md,1.0,githubnext/agentics/workflows/daily-repo-status.md,githubnext/agentics/workflows/daily-repo-status.md,False,siblings (same template family)
437,315,fideus-labs/ngff-zarr,rancher/dashboard,daily-repo-status.md,daily-repo-status.md,0.9871,githubnext/agentics/workflows/daily-repo-status.md,githubnext/agentics/workflows/daily-repo-status.md,False,siblings (same template family)
437,487,fideus-labs/ngff-zarr,hemanth/mcp-web-client,daily-repo-status.md,daily-repo-status.md,1.0,githubnext/agentics/workflows/daily-repo-status.md,githubnext/agentics/workflows/daily-repo-status.md,False,siblings (same template family)
437,107,fideus-labs/ngff-zarr,microsoft/Web-Dev-For-Beginners,daily-repo-status.md,daily-repo-status.md,1.0,githubnext/agentics/workflows/daily-repo-status.md,githubnext/agentics/workflows/daily-repo-status.md,False,siblings (same template family)
437,486,fideus-labs/ngff-zarr,mcpc-tech/dev-inspector-mcp,daily-repo-status.md,daily-repo-status.md,1.0,githubnext/agentics/workflows/daily-repo-status.md,githubnext/agentics/workflows/daily-repo-status.md,False,siblings (same template family)
437,555,fideus-labs/ngff-zarr,AndreaGriffiths11/IssueCrush,daily-repo-status.md,daily-repo-status.md,1.0,githubnext/agentics/workflows/daily-repo-status.md,githubnext/agentics/workflows/daily-repo-status.md,False,siblings (same template family)
437,322,fideus-labs/ngff-zarr,lrascao/rebar3_gpb_plugin,daily-repo-status.md,daily-repo-status.md,1.0,githubnext/agentics/workflows/daily-repo-status.md,githubnext/agentics/workflows/daily-repo-status.md,False,siblings (same template family)
437,7,fideus-labs/ngff-zarr,duckduckgo/Android,daily-repo-status.md,daily-repo-status.md,1.0,githubnext/agentics/workflows/daily-repo-status.md,githubnext/agentics/workflows/daily-repo-status.md,False,siblings (same template family)
87,318,PowerShell/vscode-powershell,rancher/dashboard,issue-triage.md,issue-triage.md,0.9087,githubnext/agentics/workflows/agentic-triage.md,githubnext/agentics/workflows/agentic-triage.md,False,siblings (same template family)
87,106,PowerShell/vscode-powershell,appwrite/appwrite,issue-triage.md,issue-triage.md,1.0,githubnext/agentics/workflows/agentic-triage.md,githubnext/agentics/workflows/agentic-triage.md,False,siblings (same template family)
342,160,fsprojects/FSharp.Data.SqlClient,sergey-tihon/Clippit,repo-assist.md,clippy.md,0.9387,githubnext/agentics/workflows/repo-assist.md,githubnext/agentics/workflows/repo-assist.md,False,siblings (same template family)
342,484,fsprojects/FSharp.Data.SqlClient,shanselman/WindowsEdgeLight,repo-assist.md,repo-assist.md,0.9906,githubnext/agentics/workflows/repo-assist.md,githubnext/agentics/workflows/repo-assist.md,False,siblings (same template family)
342,485,fsprojects/FSharp.Data.SqlClient,chrisreddington/trend-radar,repo-assist.md,repo-assist.md,0.9906,githubnext/agentics/workflows/repo-assist.md,githubnext/agentics/workflows/repo-assist.md,False,siblings (same template family)
342,332,fsprojects/FSharp.Data.SqlClient,fslaborg/Deedle,repo-assist.md,repo-assist.md,0.9906,githubnext/agentics/workflows/repo-assist.md,githubnext/agentics/workflows/repo-assist.md,False,siblings (same template family)
342,385,fsprojects/FSharp.Data.SqlClient,popey/slomore,repo-assist.md,repo-assist.md,0.9551,githubnext/agentics/workflows/repo-assist.md,githubnext/agentics/workflows/repo-assist.md,False,siblings (same template family)
342,397,fsprojects/FSharp.Data.SqlClient,popey/grummage,repo-assist.md,repo-assist.md,0.9551,githubnext/agentics/workflows/repo-assist.md,githubnext/agentics/workflows/repo-assist.md,False,siblings (same template family)
160,340,sergey-tihon/Clippit,fsprojects/SwaggerProvider,clippy.md,repo-assist.md,0.9476,githubnext/agentics/workflows/repo-assist.md,githubnext/agentics/workflows/repo-assist.md,False,siblings (same template family)
160,341,sergey-tihon/Clippit,fsprojects/FSharpx.Collections,clippy.md,repo-assist.md,0.9476,githubnext/agentics/workflows/repo-assist.md,githubnext/agentics/workflows/repo-assist.md,False,siblings (same template family)
160,336,sergey-tihon/Clippit,fsprojects/FsHttp,clippy.md,repo-assist.md,0.9476,githubnext/agentics/workflows/repo-assist.md,githubnext/agentics/workflows/repo-assist.md,False,siblings (same template family)
160,484,sergey-tihon/Clippit,shanselman/WindowsEdgeLight,clippy.md,repo-assist.md,0.9476,githubnext/agentics/workflows/repo-assist.md,githubnext/agentics/workflows/repo-assist.md,False,siblings (same template family)
160,485,sergey-tihon/Clippit,chrisreddington/trend-radar,clippy.md,repo-assist.md,0.9476,githubnext/agentics/workflows/repo-assist.md,githubnext/agentics/workflows/repo-assist.md,False,siblings (same template family)
160,332,sergey-tihon/Clippit,fslaborg/Deedle,clippy.md,repo-assist.md,0.9476,githubnext/agentics/workflows/repo-assist.md,githubnext/agentics/workflows/repo-assist.md,False,siblings (same template family)
160,385,sergey-tihon/Clippit,popey/slomore,clippy.md,repo-assist.md,0.9023,githubnext/agentics/workflows/repo-assist.md,githubnext/agentics/workflows/repo-assist.md,False,siblings (same template family)
160,397,sergey-tihon/Clippit,popey/grummage,clippy.md,repo-assist.md,0.9023,githubnext/agentics/workflows/repo-assist.md,githubnext/agentics/workflows/repo-assist.md,False,siblings (same template family)
340,484,fsprojects/SwaggerProvider,shanselman/WindowsEdgeLight,repo-assist.md,repo-assist.md,1.0,githubnext/agentics/workflows/repo-assist.md,githubnext/agentics/workflows/repo-assist.md,False,siblings (same template family)
340,485,fsprojects/SwaggerProvider,chrisreddington/trend-radar,repo-assist.md,repo-assist.md,1.0,githubnext/agentics/workflows/repo-assist.md,githubnext/agentics/workflows/repo-assist.md,False,siblings (same template family)
340,332,fsprojects/SwaggerProvider,fslaborg/Deedle,repo-assist.md,repo-assist.md,1.0,githubnext/agentics/workflows/repo-assist.md,githubnext/agentics/workflows/repo-assist.md,False,siblings (same template family)
340,385,fsprojects/SwaggerProvider,popey/slomore,repo-assist.md,repo-assist.md,0.9537,githubnext/agentics/workflows/repo-assist.md,githubnext/agentics/workflows/repo-assist.md,False,siblings (same template family)
340,397,fsprojects/SwaggerProvider,popey/grummage,repo-assist.md,repo-assist.md,0.9537,githubnext/agentics/workflows/repo-assist.md,githubnext/agentics/workflows/repo-assist.md,False,siblings (same template family)
451,119,kubestellar/docs,lablup/backend.ai-webui,daily-team-status.md,weekly-team-status.md,0.9451,githubnext/agentics/workflows/daily-team-status.md,githubnext/agentics/workflows/daily-team-status.md,False,siblings (same template family)
452,119,kubestellar/docs,lablup/backend.ai-webui,devstats.md,weekly-team-status.md,0.9451,githubnext/agentics/workflows/daily-team-status.md,githubnext/agentics/workflows/daily-team-status.md,False,siblings (same template family)
341,484,fsprojects/FSharpx.Collections,shanselman/WindowsEdgeLight,repo-assist.md,repo-assist.md,1.0,githubnext/agentics/workflows/repo-assist.md,githubnext/agentics/workflows/repo-assist.md,False,siblings (same template family)
341,485,fsprojects/FSharpx.Collections,chrisreddington/trend-radar,repo-assist.md,repo-assist.md,1.0,githubnext/agentics/workflows/repo-assist.md,githubnext/agentics/workflows/repo-assist.md,False,siblings (same template family)
341,332,fsprojects/FSharpx.Collections,fslaborg/Deedle,repo-assist.md,repo-assist.md,1.0,githubnext/agentics/workflows/repo-assist.md,githubnext/agentics/workflows/repo-assist.md,False,siblings (same template family)
341,385,fsprojects/FSharpx.Collections,popey/slomore,repo-assist.md,repo-assist.md,0.9537,githubnext/agentics/workflows/repo-assist.md,githubnext/agentics/workflows/repo-assist.md,False,siblings (same template family)
341,397,fsprojects/FSharpx.Collections,popey/grummage,repo-assist.md,repo-assist.md,0.9537,githubnext/agentics/workflows/repo-assist.md,githubnext/agentics/workflows/repo-assist.md,False,siblings (same template family)
310,315,KunalSin9h/meltcd,rancher/dashboard,daily-repo-status.md,daily-repo-status.md,0.9871,githubnext/agentics/workflows/daily-repo-status.md,githubnext/agentics/workflows/daily-repo-status.md,False,siblings (same template family)
310,487,KunalSin9h/meltcd,hemanth/mcp-web-client,daily-repo-status.md,daily-repo-status.md,1.0,githubnext/agentics/workflows/daily-repo-status.md,githubnext/agentics/workflows/daily-repo-status.md,False,siblings (same template family)
310,107,KunalSin9h/meltcd,microsoft/Web-Dev-For-Beginners,daily-repo-status.md,daily-repo-status.md,1.0,githubnext/agentics/workflows/daily-repo-status.md,githubnext/agentics/workflows/daily-repo-status.md,False,siblings (same template family)
310,486,KunalSin9h/meltcd,mcpc-tech/dev-inspector-mcp,daily-repo-status.md,daily-repo-status.md,1.0,githubnext/agentics/workflows/daily-repo-status.md,githubnext/agentics/workflows/daily-repo-status.md,False,siblings (same template family)
310,555,KunalSin9h/meltcd,AndreaGriffiths11/IssueCrush,daily-repo-status.md,daily-repo-status.md,1.0,githubnext/agentics/workflows/daily-repo-status.md,githubnext/agentics/workflows/daily-repo-status.md,False,siblings (same template family)
310,322,KunalSin9h/meltcd,lrascao/rebar3_gpb_plugin,daily-repo-status.md,daily-repo-status.md,1.0,githubnext/agentics/workflows/daily-repo-status.md,githubnext/agentics/workflows/daily-repo-status.md,False,siblings (same template family)
310,7,KunalSin9h/meltcd,duckduckgo/Android,daily-repo-status.md,daily-repo-status.md,1.0,githubnext/agentics/workflows/daily-repo-status.md,githubnext/agentics/workflows/daily-repo-status.md,False,siblings (same template family)
336,484,fsprojects/FsHttp,shanselman/WindowsEdgeLight,repo-assist.md,repo-assist.md,1.0,githubnext/agentics/workflows/repo-assist.md,githubnext/agentics/workflows/repo-assist.md,False,siblings (same template family)
336,485,fsprojects/FsHttp,chrisreddington/trend-radar,repo-assist.md,repo-assist.md,1.0,githubnext/agentics/workflows/repo-assist.md,githubnext/agentics/workflows/repo-assist.md,False,siblings (same template family)
336,332,fsprojects/FsHttp,fslaborg/Deedle,repo-assist.md,repo-assist.md,1.0,githubnext/agentics/workflows/repo-assist.md,githubnext/agentics/workflows/repo-assist.md,False,siblings (same template family)
336,385,fsprojects/FsHttp,popey/slomore,repo-assist.md,repo-assist.md,0.9537,githubnext/agentics/workflows/repo-assist.md,githubnext/agentics/workflows/repo-assist.md,False,siblings (same template family)
336,397,fsprojects/FsHttp,popey/grummage,repo-assist.md,repo-assist.md,0.9537,githubnext/agentics/workflows/repo-assist.md,githubnext/agentics/workflows/repo-assist.md,False,siblings (same template family)
339,474,fsprojects/FSharp.TypeProviders.SDK,informedica/GenPRES,repo-assist.md,repo-assist.md,0.9715,githubnext/agentics/workflows/repo-assist.md,githubnext/agentics/workflows/repo-assist.md,False,siblings (same template family)
125,474,licensee/licensee,informedica/GenPRES,repo-assist.md,repo-assist.md,0.9038,githubnext/agentics/workflows/repo-assist.md,githubnext/agentics/workflows/repo-assist.md,False,siblings (same template family)
150,468,royshil/obs-backgroundremoval,kaito-tokyo/live-backgroundremoval-lite,validate-pr.md,validate-pr.md,1.0,,,False,direct copy (no upstream parent)
334,333,fsprojects/fantomas,ionide/ionide-vscode-fsharp,repo-assist.md,repo-assist.md,0.9106,githubnext/agentics/workflows/repo-assist.md,githubnext/agentics/workflows/repo-assist.md,False,siblings (same template family)
334,474,fsprojects/fantomas,informedica/GenPRES,repo-assist.md,repo-assist.md,0.923,githubnext/agentics/workflows/repo-assist.md,githubnext/agentics/workflows/repo-assist.md,False,siblings (same template family)
318,106,rancher/dashboard,appwrite/appwrite,issue-triage.md,issue-triage.md,0.9087,githubnext/agentics/workflows/agentic-triage.md,githubnext/agentics/workflows/agentic-triage.md,False,siblings (same template family)
315,487,rancher/dashboard,hemanth/mcp-web-client,daily-repo-status.md,daily-repo-status.md,0.9871,githubnext/agentics/workflows/daily-repo-status.md,githubnext/agentics/workflows/daily-repo-status.md,False,siblings (same template family)
315,107,rancher/dashboard,microsoft/Web-Dev-For-Beginners,daily-repo-status.md,daily-repo-status.md,0.9871,githubnext/agentics/workflows/daily-repo-status.md,githubnext/agentics/workflows/daily-repo-status.md,False,siblings (same template family)
315,486,rancher/dashboard,mcpc-tech/dev-inspector-mcp,daily-repo-status.md,daily-repo-status.md,0.9871,githubnext/agentics/workflows/daily-repo-status.md,githubnext/agentics/workflows/daily-repo-status.md,False,siblings (same template family)
315,555,rancher/dashboard,AndreaGriffiths11/IssueCrush,daily-repo-status.md,daily-repo-status.md,0.9871,githubnext/agentics/workflows/daily-repo-status.md,githubnext/agentics/workflows/daily-repo-status.md,False,siblings (same template family)
315,322,rancher/dashboard,lrascao/rebar3_gpb_plugin,daily-repo-status.md,daily-repo-status.md,0.9871,githubnext/agentics/workflows/daily-repo-status.md,githubnext/agentics/workflows/daily-repo-status.md,False,siblings (same template family)
315,7,rancher/dashboard,duckduckgo/Android,daily-repo-status.md,daily-repo-status.md,0.9871,githubnext/agentics/workflows/daily-repo-status.md,githubnext/agentics/workflows/daily-repo-status.md,False,siblings (same template family)
475,556,pikax/verter,AndreaGriffiths11/IssueCrush,update-docs.md,update-docs.md,1.0,githubnext/agentics/workflows/starlight-scribe.md,githubnext/agentics/workflows/starlight-scribe.md,False,siblings (same template family)
487,107,hemanth/mcp-web-client,microsoft/Web-Dev-For-Beginners,daily-repo-status.md,daily-repo-status.md,1.0,githubnext/agentics/workflows/daily-repo-status.md,githubnext/agentics/workflows/daily-repo-status.md,False,siblings (same template family)
487,486,hemanth/mcp-web-client,mcpc-tech/dev-inspector-mcp,daily-repo-status.md,daily-repo-status.md,1.0,githubnext/agentics/workflows/daily-repo-status.md,githubnext/agentics/workflows/daily-repo-status.md,False,siblings (same template family)
487,555,hemanth/mcp-web-client,AndreaGriffiths11/IssueCrush,daily-repo-status.md,daily-repo-status.md,1.0,githubnext/agentics/workflows/daily-repo-status.md,githubnext/agentics/workflows/daily-repo-status.md,False,siblings (same template family)
487,322,hemanth/mcp-web-client,lrascao/rebar3_gpb_plugin,daily-repo-status.md,daily-repo-status.md,1.0,githubnext/agentics/workflows/daily-repo-status.md,githubnext/agentics/workflows/daily-repo-status.md,False,siblings (same template family)
487,7,hemanth/mcp-web-client,duckduckgo/Android,daily-repo-status.md,daily-repo-status.md,1.0,githubnext/agentics/workflows/daily-repo-status.md,githubnext/agentics/workflows/daily-repo-status.md,False,siblings (same template family)
484,485,shanselman/WindowsEdgeLight,chrisreddington/trend-radar,repo-assist.md,repo-assist.md,1.0,githubnext/agentics/workflows/repo-assist.md,githubnext/agentics/workflows/repo-assist.md,False,siblings (same template family)
484,332,shanselman/WindowsEdgeLight,fslaborg/Deedle,repo-assist.md,repo-assist.md,1.0,githubnext/agentics/workflows/repo-assist.md,githubnext/agentics/workflows/repo-assist.md,False,siblings (same template family)
484,385,shanselman/WindowsEdgeLight,popey/slomore,repo-assist.md,repo-assist.md,0.9537,githubnext/agentics/workflows/repo-assist.md,githubnext/agentics/workflows/repo-assist.md,False,siblings (same template family)
484,397,shanselman/WindowsEdgeLight,popey/grummage,repo-assist.md,repo-assist.md,0.9537,githubnext/agentics/workflows/repo-assist.md,githubnext/agentics/workflows/repo-assist.md,False,siblings (same template family)
485,332,chrisreddington/trend-radar,fslaborg/Deedle,repo-assist.md,repo-assist.md,1.0,githubnext/agentics/workflows/repo-assist.md,githubnext/agentics/workflows/repo-assist.md,False,siblings (same template family)
485,385,chrisreddington/trend-radar,popey/slomore,repo-assist.md,repo-assist.md,0.9537,githubnext/agentics/workflows/repo-assist.md,githubnext/agentics/workflows/repo-assist.md,False,siblings (same template family)
485,397,chrisreddington/trend-radar,popey/grummage,repo-assist.md,repo-assist.md,0.9537,githubnext/agentics/workflows/repo-assist.md,githubnext/agentics/workflows/repo-assist.md,False,siblings (same template family)
107,486,microsoft/Web-Dev-For-Beginners,mcpc-tech/dev-inspector-mcp,daily-repo-status.md,daily-repo-status.md,1.0,githubnext/agentics/workflows/daily-repo-status.md,githubnext/agentics/workflows/daily-repo-status.md,False,siblings (same template family)
107,555,microsoft/Web-Dev-For-Beginners,AndreaGriffiths11/IssueCrush,daily-repo-status.md,daily-repo-status.md,1.0,githubnext/agentics/workflows/daily-repo-status.md,githubnext/agentics/workflows/daily-repo-status.md,False,siblings (same template family)
107,322,microsoft/Web-Dev-For-Beginners,lrascao/rebar3_gpb_plugin,daily-repo-status.md,daily-repo-status.md,1.0,githubnext/agentics/workflows/daily-repo-status.md,githubnext/agentics/workflows/daily-repo-status.md,False,siblings (same template family)
107,7,microsoft/Web-Dev-For-Beginners,duckduckgo/Android,daily-repo-status.md,daily-repo-status.md,1.0,githubnext/agentics/workflows/daily-repo-status.md,githubnext/agentics/workflows/daily-repo-status.md,False,siblings (same template family)
332,385,fslaborg/Deedle,popey/slomore,repo-assist.md,repo-assist.md,0.9537,githubnext/agentics/workflows/repo-assist.md,githubnext/agentics/workflows/repo-assist.md,False,siblings (same template family)
332,397,fslaborg/Deedle,popey/grummage,repo-assist.md,repo-assist.md,0.9537,githubnext/agentics/workflows/repo-assist.md,githubnext/agentics/workflows/repo-assist.md,False,siblings (same template family)
486,555,mcpc-tech/dev-inspector-mcp,AndreaGriffiths11/IssueCrush,daily-repo-status.md,daily-repo-status.md,1.0,githubnext/agentics/workflows/daily-repo-status.md,githubnext/agentics/workflows/daily-repo-status.md,False,siblings (same template family)
486,322,mcpc-tech/dev-inspector-mcp,lrascao/rebar3_gpb_plugin,daily-repo-status.md,daily-repo-status.md,1.0,githubnext/agentics/workflows/daily-repo-status.md,githubnext/agentics/workflows/daily-repo-status.md,False,siblings (same template family)
486,7,mcpc-tech/dev-inspector-mcp,duckduckgo/Android,daily-repo-status.md,daily-repo-status.md,1.0,githubnext/agentics/workflows/daily-repo-status.md,githubnext/agentics/workflows/daily-repo-status.md,False,siblings (same template family)
555,322,AndreaGriffiths11/IssueCrush,lrascao/rebar3_gpb_plugin,daily-repo-status.md,daily-repo-status.md,1.0,githubnext/agentics/workflows/daily-repo-status.md,githubnext/agentics/workflows/daily-repo-status.md,False,siblings (same template family)
555,7,AndreaGriffiths11/IssueCrush,duckduckgo/Android,daily-repo-status.md,daily-repo-status.md,1.0,githubnext/agentics/workflows/daily-repo-status.md,githubnext/agentics/workflows/daily-repo-status.md,False,siblings (same template family)
322,7,lrascao/rebar3_gpb_plugin,duckduckgo/Android,daily-repo-status.md,daily-repo-status.md,1.0,githubnext/agentics/workflows/daily-repo-status.md,githubnext/agentics/workflows/daily-repo-status.md,False,siblings (same template family)
